Zip,Hour,Number of Trips
6450,10,1
6510,15,1
6514,5,1
6605,2,1
6605,9,1
6605,23,1
6615,6,1
6807,8,1
6807,11,1
6807,15,2
6807,19,1
6820,0,1
6820,10,2
6820,11,1
6820,20,1
6820,21,1
6824,21,1
6825,14,1
6830,3,1
6830,4,1
6830,5,1
6830,7,1
6830,9,1
6830,10,1
6830,11,2
6830,13,2
6830,14,1
6830,17,1
6830,18,1
6830,19,2
6830,21,5
6830,22,4
6831,2,1
6831,18,1
6840,8,1
6840,15,1
6840,21,1
6851,6,1
6851,11,1
6851,16,1
6853,13,1
6854,0,1
6854,8,1
6854,21,1
6855,0,1
6855,22,1
6870,4,1
6870,11,1
6870,13,1
6870,20,2
6870,21,1
6878,17,1
6878,21,2
6880,15,1
6880,19,3
6880,20,2
6880,23,1
6890,0,1
6890,7,1
6890,20,1
6897,12,1
6901,0,1
6901,1,1
6901,5,2
6901,7,2
6901,8,1
6901,9,1
6901,11,2
6901,13,2
6901,15,2
6901,16,1
6901,17,3
6901,18,2
6901,19,3
6901,20,3
6901,21,5
6901,22,3
6901,23,4
6902,0,1
6902,14,1
6902,20,1
6905,8,1
6905,15,1
6905,17,1
6906,15,1
6906,18,1
7001,0,1
7001,7,2
7001,9,3
7002,0,1
7002,2,1
7002,3,3
7002,4,3
7002,5,2
7002,6,2
7002,7,1
7002,8,5
7002,9,3
7002,10,5
7002,11,9
7002,12,12
7002,13,11
7002,14,7
7002,15,8
7002,16,11
7002,17,15
7002,18,7
7002,19,7
7002,20,4
7002,22,4
7002,23,1
7003,4,2
7003,5,2
7003,6,1
7003,7,1
7003,8,1
7003,9,1
7003,12,1
7003,13,1
7003,14,3
7003,16,1
7003,17,2
7003,18,1
7003,19,2
7003,20,1
7003,21,3
7004,0,2
7004,4,1
7004,6,1
7004,7,1
7004,9,2
7004,13,1
7004,15,1
7004,16,3
7004,20,3
7004,21,1
7004,23,2
7005,14,1
7005,16,1
7005,23,1
7006,3,1
7006,9,1
7006,11,3
7006,14,2
7006,15,1
7006,18,1
7006,21,1
7006,23,1
7008,2,1
7008,11,1
7008,12,1
7008,13,1
7008,17,1
7008,18,1
7008,22,1
7009,2,1
7009,9,1
7009,10,1
7009,12,1
7009,14,1
7009,16,2
7009,18,2
7009,20,3
7009,21,2
7009,22,3
7010,0,2
7010,1,1
7010,3,1
7010,4,2
7010,5,3
7010,6,1
7010,8,2
7010,9,2
7010,10,1
7010,12,1
7010,13,3
7010,14,5
7010,15,1
7010,16,3
7010,17,2
7010,18,4
7010,19,3
7010,20,5
7010,21,2
7010,22,2
7010,23,5
7011,2,1
7011,5,2
7011,21,1
7012,0,1
7012,1,1
7012,7,1
7012,10,2
7012,13,1
7012,14,1
7012,15,1
7012,17,2
7012,18,1
7012,19,2
7012,20,2
7012,21,4
7012,23,2
7013,0,2
7013,1,2
7013,8,1
7013,16,1
7013,18,1
7013,21,1
7014,0,2
7014,1,3
7014,3,1
7014,4,1
7014,7,1
7014,8,1
7014,9,1
7014,10,4
7014,11,2
7014,12,1
7014,13,3
7014,15,3
7014,17,1
7014,18,1
7014,19,1
7014,20,3
7014,21,3
7014,22,3
7014,23,1
7016,2,1
7016,5,1
7016,7,1
7016,8,1
7016,10,1
7016,11,1
7016,14,1
7016,16,1
7016,19,2
7016,20,1
7016,21,1
7016,22,1
7016,23,1
7017,0,1
7017,1,1
7017,2,1
7017,3,1
7017,5,1
7017,7,2
7017,8,1
7017,9,1
7017,12,1
7017,17,1
7017,18,1
7017,21,2
7017,22,1
7018,2,1
7018,7,1
7018,9,2
7018,10,1
7018,11,1
7018,12,1
7018,13,3
7018,15,3
7018,16,1
7018,17,1
7018,18,1
7018,19,1
7018,23,1
7020,2,3
7020,3,2
7020,4,1
7020,5,2
7020,7,3
7020,8,3
7020,9,4
7020,10,3
7020,11,1
7020,12,2
7020,13,1
7020,14,6
7020,15,1
7020,16,2
7020,17,5
7020,18,2
7020,19,3
7020,20,3
7020,21,3
7020,22,3
7020,23,3
7021,0,1
7021,1,1
7021,3,1
7021,4,1
7021,8,1
7021,12,1
7021,13,1
7021,14,2
7021,16,1
7021,20,1
7021,21,3
7021,22,1
7021,23,2
7022,0,4
7022,2,1
7022,3,1
7022,4,1
7022,5,2
7022,6,3
7022,8,1
7022,10,1
7022,11,2
7022,14,1
7022,15,1
7022,16,1
7022,17,5
7022,19,1
7022,20,2
7022,22,2
7022,23,1
7023,0,1
7023,1,1
7023,2,1
7023,6,1
7023,23,1
7024,0,3
7024,1,5
7024,2,1
7024,3,6
7024,4,3
7024,5,7
7024,6,10
7024,7,11
7024,8,9
7024,9,8
7024,10,10
7024,11,12
7024,12,10
7024,13,9
7024,14,3
7024,15,11
7024,16,12
7024,17,7
7024,18,10
7024,19,4
7024,20,1
7024,21,8
7024,22,5
7024,23,2
7026,6,1
7026,7,2
7026,9,1
7026,10,1
7026,13,3
7026,17,2
7026,20,1
7026,21,2
7026,22,2
7026,23,3
7027,0,1
7027,9,1
7027,17,2
7027,21,1
7027,22,2
7028,2,1
7028,3,3
7028,4,2
7028,5,1
7028,6,2
7028,7,1
7028,10,1
7028,11,1
7028,12,2
7028,13,3
7028,14,1
7028,15,4
7028,16,2
7028,17,1
7028,18,2
7028,20,2
7028,22,1
7028,23,2
7029,0,2
7029,2,1
7029,4,1
7029,7,2
7029,8,1
7029,9,1
7029,10,1
7029,12,3
7029,14,3
7029,15,4
7029,16,1
7029,20,3
7029,21,4
7030,0,172
7030,1,116
7030,2,42
7030,3,36
7030,4,67
7030,5,62
7030,6,54
7030,7,108
7030,8,49
7030,9,50
7030,10,60
7030,11,60
7030,12,63
7030,13,66
7030,14,70
7030,15,97
7030,16,109
7030,17,118
7030,18,158
7030,19,160
7030,20,192
7030,21,265
7030,22,231
7030,23,192
7031,0,1
7031,1,1
7031,2,1
7031,3,1
7031,5,1
7031,6,1
7031,12,2
7031,16,1
7031,18,2
7031,20,1
7031,21,1
7032,0,1
7032,4,1
7032,5,1
7032,9,1
7032,10,1
7032,11,1
7032,13,2
7032,14,1
7032,15,2
7032,18,2
7032,20,1
7032,21,1
7033,1,1
7033,8,1
7033,11,1
7033,12,1
7033,15,1
7033,16,2
7033,21,1
7033,22,3
7034,0,1
7035,4,1
7035,21,1
7036,2,1
7036,8,1
7036,10,1
7036,12,2
7036,13,2
7036,16,1
7036,18,1
7036,19,1
7036,20,1
7036,21,2
7039,4,1
7039,5,1
7039,6,1
7039,7,1
7039,8,2
7039,9,1
7039,10,1
7039,16,1
7039,17,6
7039,18,2
7039,19,3
7039,20,1
7039,21,4
7039,22,2
7040,3,2
7040,4,1
7040,5,1
7040,6,4
7040,7,1
7040,8,2
7040,9,3
7040,10,1
7040,12,1
7040,14,1
7040,15,2
7040,16,1
7040,17,4
7040,18,2
7040,19,2
7040,20,2
7040,21,1
7040,22,5
7040,23,2
7041,2,1
7041,5,1
7041,8,1
7041,9,1
7041,14,1
7041,17,2
7041,18,3
7041,20,2
7041,21,4
7041,22,1
7042,0,7
7042,1,1
7042,2,2
7042,3,2
7042,5,1
7042,6,1
7042,7,1
7042,8,1
7042,11,2
7042,13,2
7042,14,1
7042,15,1
7042,16,2
7042,17,4
7042,18,1
7042,20,2
7042,21,1
7042,22,5
7042,23,3
7043,4,1
7043,8,1
7043,9,1
7043,11,2
7043,12,1
7043,13,4
7043,14,1
7043,15,5
7043,16,2
7043,19,3
7043,20,1
7043,21,3
7043,22,3
7043,23,1
7044,6,2
7044,10,1
7044,12,2
7044,15,3
7044,16,2
7044,17,1
7044,18,3
7044,19,2
7044,20,1
7044,21,1
7044,22,1
7044,23,1
7045,3,1
7045,16,1
7045,23,1
7046,7,1
7046,12,1
7046,13,3
7046,14,2
7046,15,2
7046,16,4
7046,18,1
7047,0,3
7047,1,2
7047,2,5
7047,3,1
7047,4,4
7047,5,2
7047,6,2
7047,8,1
7047,10,1
7047,11,1
7047,13,3
7047,14,5
7047,15,4
7047,16,4
7047,17,2
7047,18,4
7047,19,3
7047,20,4
7047,21,5
7047,22,2
7047,23,5
7050,0,2
7050,1,1
7050,4,1
7050,5,1
7050,7,1
7050,9,2
7050,10,2
7050,12,2
7050,16,1
7050,17,3
7050,21,1
7050,22,2
7050,23,2
7052,0,3
7052,3,3
7052,5,2
7052,6,1
7052,7,3
7052,8,1
7052,9,3
7052,10,1
7052,11,1
7052,12,3
7052,13,2
7052,14,2
7052,15,2
7052,16,4
7052,17,1
7052,18,1
7052,19,1
7052,20,2
7052,21,1
7052,23,4
7054,0,1
7054,3,1
7054,5,1
7054,6,1
7054,7,5
7054,8,4
7054,9,1
7054,11,1
7054,12,3
7054,13,1
7054,14,1
7054,19,2
7055,1,1
7055,14,1
7055,15,2
7055,16,1
7055,18,1
7057,3,1
7057,4,1
7057,5,1
7057,16,1
7057,21,1
7057,22,1
7058,0,1
7058,2,1
7058,20,1
7058,23,1
7062,3,1
7062,19,1
7062,23,1
7063,2,1
7063,10,1
7063,22,1
7064,20,1
7065,2,1
7065,6,1
7065,7,1
7065,8,1
7065,10,1
7065,13,1
7065,14,1
7065,15,1
7065,16,1
7065,17,2
7065,18,1
7065,19,4
7065,20,3
7065,22,2
7065,23,1
7066,3,2
7066,5,2
7066,10,1
7066,11,2
7066,14,1
7066,15,2
7066,16,1
7066,17,1
7066,18,1
7067,5,1
7067,10,1
7067,11,1
7067,14,1
7068,3,2
7068,4,1
7068,9,1
7068,12,1
7068,13,1
7068,14,2
7068,16,2
7068,17,2
7068,18,1
7068,19,1
7068,22,1
7069,12,1
7069,13,1
7069,14,1
7069,15,1
7069,17,1
7070,0,2
7070,1,3
7070,2,1
7070,3,1
7070,4,3
7070,6,2
7070,7,3
7070,8,2
7070,9,8
7070,10,1
7070,11,3
7070,12,4
7070,13,4
7070,14,4
7070,15,8
7070,16,6
7070,17,5
7070,18,2
7070,19,2
7070,20,5
7070,21,4
7070,23,4
7071,7,1
7071,9,1
7071,10,3
7071,11,2
7071,17,2
7071,23,1
7072,0,3
7072,1,1
7072,2,3
7072,8,4
7072,9,9
7072,10,3
7072,11,7
7072,12,10
7072,13,8
7072,14,19
7072,15,13
7072,16,14
7072,17,13
7072,18,9
7072,19,6
7072,20,10
7072,21,19
7072,22,26
7072,23,9
7073,0,2
7073,4,2
7073,5,2
7073,11,4
7073,12,1
7073,13,4
7073,14,2
7073,15,5
7073,16,2
7073,17,4
7073,18,3
7073,19,4
7073,20,1
7073,22,3
7073,23,3
7074,3,1
7074,10,2
7074,11,2
7074,13,2
7074,14,2
7074,15,3
7074,16,5
7074,17,1
7074,18,1
7074,19,2
7074,23,1
7075,0,3
7075,6,1
7075,8,1
7075,10,1
7075,12,2
7075,16,2
7075,18,2
7075,19,1
7075,20,3
7076,7,1
7076,20,2
7076,21,1
7077,12,2
7077,22,1
7078,1,1
7078,4,2
7078,5,3
7078,6,3
7078,7,1
7078,8,1
7078,9,1
7078,10,2
7078,11,4
7078,12,6
7078,13,6
7078,14,8
7078,15,5
7078,16,6
7078,17,5
7078,18,6
7078,19,4
7078,20,5
7078,21,10
7078,22,3
7078,23,7
7079,0,2
7079,4,1
7079,5,3
7079,6,2
7079,7,1
7079,8,1
7079,9,4
7079,10,1
7079,11,3
7079,12,3
7079,13,3
7079,14,3
7079,15,1
7079,17,3
7079,18,6
7079,20,3
7079,21,8
7079,22,7
7079,23,1
7080,11,1
7080,14,3
7080,18,1
7080,19,1
7081,0,1
7081,5,1
7081,6,1
7081,7,1
7081,9,1
7081,11,1
7081,12,1
7081,13,1
7081,15,3
7081,16,1
7081,17,3
7081,18,2
7081,19,1
7081,20,2
7081,21,1
7083,0,2
7083,2,1
7083,11,1
7083,12,1
7083,13,2
7083,14,1
7083,16,1
7083,17,1
7083,19,1
7083,20,1
7083,22,2
7083,23,1
7086,0,11
7086,1,7
7086,2,10
7086,3,5
7086,4,2
7086,5,6
7086,6,6
7086,7,8
7086,8,3
7086,9,13
7086,10,7
7086,11,7
7086,12,10
7086,13,7
7086,14,6
7086,15,20
7086,16,15
7086,17,17
7086,18,15
7086,19,13
7086,20,24
7086,21,16
7086,22,12
7086,23,11
7087,0,8
7087,1,3
7087,2,3
7087,3,6
7087,4,5
7087,5,4
7087,6,7
7087,7,6
7087,8,8
7087,9,7
7087,10,7
7087,11,8
7087,12,11
7087,13,8
7087,14,8
7087,15,14
7087,16,6
7087,17,15
7087,18,14
7087,19,15
7087,20,11
7087,21,13
7087,22,12
7087,23,6
7088,5,1
7088,10,1
7088,11,1
7088,12,1
7088,14,1
7088,15,1
7088,16,1
7088,17,1
7088,21,1
7088,22,1
7090,0,1
7090,4,1
7090,5,1
7090,7,3
7090,9,2
7090,10,1
7090,15,2
7090,17,3
7090,18,1
7090,21,1
7092,0,1
7092,20,1
7092,22,1
7092,23,1
7093,0,4
7093,1,7
7093,2,4
7093,3,11
7093,4,7
7093,5,5
7093,6,5
7093,7,5
7093,8,5
7093,9,5
7093,10,6
7093,11,8
7093,12,8
7093,13,7
7093,14,10
7093,15,9
7093,16,13
7093,17,14
7093,18,16
7093,19,14
7093,20,9
7093,21,19
7093,22,3
7093,23,12
7094,0,10
7094,1,6
7094,3,1
7094,4,4
7094,5,5
7094,6,8
7094,7,4
7094,8,8
7094,9,4
7094,10,16
7094,11,12
7094,12,30
7094,13,13
7094,14,24
7094,15,16
7094,16,20
7094,17,17
7094,18,22
7094,19,7
7094,20,17
7094,21,9
7094,22,15
7094,23,9
7095,9,1
7095,11,2
7095,15,1
7095,16,1
7095,17,1
7095,20,1
7102,0,8
7102,1,9
7102,2,3
7102,3,5
7102,4,11
7102,5,6
7102,6,6
7102,7,16
7102,8,16
7102,9,11
7102,10,27
7102,11,13
7102,12,18
7102,13,27
7102,14,34
7102,15,38
7102,16,27
7102,17,40
7102,18,30
7102,19,31
7102,20,33
7102,21,26
7102,22,26
7102,23,14
7103,1,2
7103,2,1
7103,3,2
7103,5,3
7103,6,1
7103,7,1
7103,8,2
7103,9,2
7103,10,6
7103,11,3
7103,12,1
7103,13,5
7103,14,4
7103,15,1
7103,16,1
7103,17,1
7103,18,4
7103,20,1
7103,21,1
7104,1,1
7104,2,1
7104,3,1
7104,7,3
7104,8,1
7104,9,2
7104,11,1
7104,13,1
7104,14,1
7104,15,4
7104,16,1
7104,17,1
7104,19,2
7104,21,1
7104,22,1
7105,0,5
7105,1,3
7105,4,1
7105,5,1
7105,6,2
7105,7,3
7105,8,2
7105,9,2
7105,10,1
7105,11,2
7105,12,2
7105,13,1
7105,14,4
7105,15,4
7105,16,6
7105,17,1
7105,18,1
7105,19,4
7105,20,5
7105,21,2
7105,22,4
7105,23,5
7106,5,1
7106,6,1
7106,10,2
7106,13,2
7106,14,2
7106,15,5
7106,16,1
7106,17,1
7106,20,2
7106,23,1
7107,0,2
7107,1,1
7107,5,1
7107,7,1
7107,8,2
7107,9,1
7107,10,1
7107,12,1
7107,14,1
7107,17,1
7107,19,1
7107,20,1
7107,21,1
7107,22,1
7107,23,1
7108,2,1
7108,5,1
7108,6,1
7108,7,1
7108,8,2
7108,9,2
7108,10,2
7108,11,1
7108,12,1
7108,14,1
7108,15,2
7108,16,1
7108,17,1
7108,18,1
7108,19,1
7108,21,1
7108,22,1
7109,0,3
7109,13,1
7109,14,2
7109,15,1
7109,18,1
7109,21,1
7109,22,3
7110,0,2
7110,1,1
7110,4,2
7110,5,1
7110,7,3
7110,8,1
7110,10,1
7110,13,1
7110,15,1
7110,16,3
7110,17,1
7110,18,2
7110,19,5
7110,20,2
7110,22,2
7110,23,4
7111,1,1
7111,2,1
7111,7,1
7111,13,1
7111,15,1
7111,16,1
7111,17,2
7111,19,2
7111,21,1
7111,23,1
7112,6,2
7112,9,1
7112,11,1
7112,15,2
7112,16,2
7112,17,1
7112,18,2
7112,19,1
7114,0,180
7114,1,83
7114,2,10
7114,3,25
7114,4,155
7114,5,169
7114,6,209
7114,7,190
7114,8,180
7114,9,181
7114,10,249
7114,11,328
7114,12,304
7114,13,397
7114,14,452
7114,15,667
7114,16,476
7114,17,420
7114,18,429
7114,19,447
7114,20,418
7114,21,380
7114,22,441
7114,23,360
7201,0,3
7201,1,1
7201,2,2
7201,3,3
7201,4,1
7201,5,9
7201,6,8
7201,7,9
7201,8,7
7201,9,2
7201,10,3
7201,11,9
7201,12,5
7201,13,9
7201,14,3
7201,15,6
7201,16,8
7201,17,10
7201,18,8
7201,19,3
7201,20,5
7201,21,5
7201,22,3
7201,23,3
7202,1,1
7202,5,2
7202,6,2
7202,8,2
7202,9,1
7202,10,2
7202,12,2
7202,13,1
7202,14,1
7202,15,4
7202,16,1
7202,18,1
7202,19,1
7202,20,2
7202,21,1
7202,22,2
7203,0,1
7203,1,1
7203,3,1
7203,6,1
7203,16,1
7203,18,1
7203,21,1
7204,0,2
7204,3,1
7204,4,1
7204,5,1
7204,18,1
7204,19,1
7204,21,1
7204,23,1
7205,0,1
7205,3,1
7205,6,3
7205,9,1
7205,10,1
7205,11,1
7205,12,1
7205,13,1
7205,17,2
7205,18,1
7205,23,1
7206,10,1
7206,11,3
7206,12,1
7206,13,3
7206,14,5
7206,15,3
7206,16,1
7206,17,2
7206,18,3
7206,19,2
7206,20,3
7208,1,1
7208,4,1
7208,6,4
7208,8,1
7208,9,1
7208,10,2
7208,11,2
7208,13,1
7208,15,6
7208,16,1
7208,17,6
7208,20,2
7208,21,1
7208,22,1
7208,23,2
7302,0,51
7302,1,42
7302,2,19
7302,3,26
7302,4,23
7302,5,26
7302,6,30
7302,7,30
7302,8,26
7302,9,17
7302,10,15
7302,11,28
7302,12,27
7302,13,28
7302,14,33
7302,15,36
7302,16,35
7302,17,41
7302,18,49
7302,19,36
7302,20,68
7302,21,66
7302,22,87
7302,23,77
7304,0,8
7304,1,3
7304,2,2
7304,3,5
7304,4,10
7304,5,9
7304,6,5
7304,7,14
7304,8,15
7304,9,11
7304,10,10
7304,11,10
7304,12,13
7304,13,15
7304,14,13
7304,15,13
7304,16,16
7304,17,8
7304,18,7
7304,19,12
7304,20,15
7304,21,19
7304,22,13
7304,23,7
7305,0,3
7305,1,1
7305,3,1
7305,4,2
7305,5,1
7305,6,3
7305,7,5
7305,8,10
7305,9,5
7305,10,2
7305,11,4
7305,12,5
7305,13,7
7305,14,12
7305,15,8
7305,16,6
7305,17,3
7305,18,4
7305,19,4
7305,20,3
7305,21,3
7305,22,3
7305,23,2
7306,0,7
7306,1,3
7306,2,6
7306,3,9
7306,4,10
7306,5,4
7306,6,10
7306,7,12
7306,8,15
7306,9,19
7306,10,7
7306,11,12
7306,12,13
7306,13,7
7306,14,19
7306,15,22
7306,16,28
7306,17,17
7306,18,19
7306,19,12
7306,20,19
7306,21,28
7306,22,16
7306,23,10
7307,0,12
7307,1,2
7307,2,3
7307,3,4
7307,4,6
7307,5,9
7307,6,3
7307,7,9
7307,8,9
7307,9,10
7307,10,13
7307,11,9
7307,12,12
7307,13,8
7307,14,11
7307,15,8
7307,16,16
7307,17,15
7307,18,10
7307,19,7
7307,20,11
7307,21,17
7307,22,13
7307,23,18
7310,0,131
7310,1,153
7310,2,54
7310,3,54
7310,4,51
7310,5,48
7310,6,73
7310,7,78
7310,8,57
7310,9,43
7310,10,58
7310,11,65
7310,12,66
7310,13,89
7310,14,81
7310,15,67
7310,16,112
7310,17,113
7310,18,129
7310,19,113
7310,20,146
7310,21,169
7310,22,154
7310,23,130
7311,0,46
7311,1,13
7311,2,10
7311,3,36
7311,4,36
7311,5,23
7311,6,38
7311,7,39
7311,8,29
7311,9,26
7311,10,44
7311,11,59
7311,12,53
7311,13,54
7311,14,58
7311,15,66
7311,16,74
7311,17,53
7311,18,76
7311,19,69
7311,20,75
7311,21,95
7311,22,85
7311,23,66
7401,1,1
7401,4,1
7401,6,1
7401,12,1
7401,15,1
7401,18,2
7401,22,1
7405,1,1
7405,4,1
7405,22,1
7407,7,1
7407,8,1
7407,16,1
7410,9,2
7410,10,1
7410,15,1
7410,16,1
7410,18,1
7410,20,1
7410,22,1
7417,4,2
7417,13,3
7417,15,2
7417,16,1
7417,20,2
7417,22,1
7417,23,4
7420,23,1
7423,4,1
7423,7,2
7423,8,1
7423,10,1
7423,11,1
7423,12,1
7423,13,1
7423,15,2
7423,16,1
7423,18,1
7423,22,1
7424,0,2
7424,2,1
7424,10,1
7424,13,1
7424,16,1
7424,17,1
7424,18,1
7424,21,2
7424,22,2
7430,10,1
7430,18,1
7432,1,1
7432,7,1
7432,13,2
7432,15,1
7436,10,1
7436,12,1
7436,16,1
7436,20,1
7440,8,1
7440,14,1
7440,15,1
7440,16,1
7440,21,1
7440,22,1
7442,0,1
7442,1,3
7442,2,1
7442,13,1
7442,15,1
7442,18,1
7444,0,1
7444,7,1
7444,8,1
7444,10,1
7444,13,1
7444,16,2
7444,21,2
7446,5,2
7446,6,2
7446,7,1
7446,8,1
7446,14,1
7446,16,1
7446,17,1
7446,20,2
7446,21,1
7446,23,1
7450,0,2
7450,3,1
7450,6,1
7450,12,1
7450,13,2
7450,15,3
7450,16,3
7450,19,2
7450,20,4
7450,21,4
7450,22,4
7450,23,4
7452,0,1
7452,1,1
7452,2,1
7452,9,1
7452,11,1
7452,13,2
7452,15,2
7452,18,1
7452,20,1
7452,22,1
7452,23,1
7457,0,2
7457,1,1
7457,2,1
7457,23,1
7458,1,2
7458,7,1
7458,9,1
7458,11,3
7458,12,2
7458,13,1
7458,16,2
7458,17,2
7458,18,1
7458,20,2
7458,21,1
7458,22,1
7463,11,2
7463,15,1
7463,16,1
7463,17,2
7463,18,1
7463,21,1
7463,23,1
7470,4,3
7470,6,1
7470,14,2
7470,15,2
7470,18,1
7470,19,1
7470,21,3
7470,22,4
7481,1,1
7481,6,1
7481,9,1
7481,10,1
7481,12,1
7481,15,3
7481,19,2
7481,20,2
7481,22,1
7481,23,2
7495,0,2
7495,8,1
7495,10,2
7495,11,1
7495,20,1
7501,0,2
7501,2,1
7501,8,1
7501,10,1
7501,14,1
7501,16,1
7501,17,1
7501,18,1
7501,21,1
7501,23,1
7502,15,1
7503,1,1
7503,5,1
7503,9,1
7503,12,1
7505,0,1
7505,3,1
7505,14,1
7505,23,1
7506,0,1
7506,4,1
7506,8,1
7506,13,1
7506,15,1
7506,16,1
7506,22,1
7508,23,1
7512,0,2
7512,3,1
7512,4,1
7512,5,1
7512,10,2
7512,11,1
7512,14,2
7512,15,1
7512,16,1
7512,22,4
7513,3,1
7513,8,1
7513,13,1
7513,21,1
7514,15,1
7524,11,1
7524,17,1
7524,18,1
7524,22,1
7524,23,1
7601,0,2
7601,3,1
7601,4,1
7601,5,1
7601,7,1
7601,8,1
7601,9,1
7601,10,4
7601,11,3
7601,12,5
7601,13,5
7601,14,3
7601,15,5
7601,16,2
7601,17,4
7601,19,4
7601,20,1
7601,22,3
7603,2,2
7603,4,1
7603,8,3
7603,11,1
7603,12,1
7603,15,3
7603,16,1
7603,19,1
7603,20,1
7603,23,3
7604,0,1
7604,4,2
7604,6,3
7604,8,3
7604,10,1
7604,11,2
7604,12,2
7604,13,3
7604,14,1
7604,15,2
7604,16,1
7604,17,3
7604,18,1
7604,19,2
7604,20,3
7604,21,1
7604,23,1
7605,0,2
7605,1,1
7605,2,1
7605,5,1
7605,6,3
7605,7,5
7605,9,4
7605,10,4
7605,11,4
7605,12,3
7605,13,1
7605,14,2
7605,15,4
7605,17,1
7605,18,2
7605,19,2
7605,20,1
7605,21,2
7605,22,1
7606,4,1
7606,9,1
7606,10,1
7606,12,1
7606,14,1
7606,16,1
7606,17,1
7607,0,1
7607,5,1
7607,8,1
7607,9,1
7607,11,1
7607,13,2
7607,14,1
7607,17,1
7607,18,1
7607,21,1
7607,22,2
7607,23,2
7608,0,1
7608,8,1
7608,9,2
7608,10,3
7608,11,4
7608,12,1
7608,13,3
7608,14,5
7608,15,1
7608,16,1
7608,17,4
7608,18,3
7608,19,1
7608,21,1
7608,22,2
7608,23,1
7621,1,1
7621,3,1
7621,5,1
7621,6,1
7621,10,1
7621,12,1
7621,13,3
7621,14,3
7621,15,1
7621,17,1
7621,20,1
7621,21,1
7621,23,3
7624,19,1
7624,20,1
7626,1,1
7626,3,1
7626,4,1
7626,6,1
7626,7,1
7626,9,2
7626,10,1
7626,11,2
7626,12,1
7626,14,1
7626,15,1
7626,16,1
7626,18,1
7626,20,1
7626,21,3
7626,22,1
7626,23,1
7627,3,1
7627,8,1
7627,11,1
7627,13,1
7627,18,1
7627,23,1
7628,0,1
7628,16,1
7630,10,1
7630,14,1
7630,20,1
7631,0,3
7631,1,1
7631,4,5
7631,5,4
7631,6,6
7631,7,6
7631,8,3
7631,10,3
7631,11,6
7631,12,8
7631,13,4
7631,14,4
7631,15,4
7631,16,4
7631,17,3
7631,18,3
7631,19,4
7631,20,2
7631,21,8
7631,22,4
7631,23,3
7632,3,1
7632,4,1
7632,6,3
7632,7,1
7632,8,1
7632,9,6
7632,10,8
7632,11,2
7632,12,5
7632,13,5
7632,14,4
7632,15,6
7632,16,8
7632,17,2
7632,18,1
7632,19,3
7632,21,2
7632,22,4
7632,23,1
7640,9,2
7640,11,1
7640,12,1
7640,15,2
7640,23,1
7641,11,2
7642,10,1
7642,14,1
7642,17,1
7642,18,1
7643,2,1
7643,6,1
7643,8,1
7643,9,1
7643,10,1
7643,12,1
7644,2,2
7644,5,1
7644,7,2
7644,8,1
7644,9,1
7644,10,1
7644,13,4
7644,15,1
7644,16,2
7644,17,1
7644,18,1
7644,19,1
7644,20,1
7644,22,1
7644,23,1
7645,0,1
7645,7,1
7645,9,1
7645,14,2
7645,15,2
7645,16,2
7645,20,1
7645,22,1
7646,3,1
7646,6,1
7646,8,2
7646,9,2
7646,15,2
7646,17,1
7646,18,1
7646,21,1
7647,5,1
7647,20,3
7647,23,2
7648,0,2
7648,7,1
7648,10,2
7648,13,2
7648,15,1
7648,22,1
7649,2,1
7649,7,1
7649,8,3
7649,11,1
7649,13,1
7649,14,2
7649,15,1
7649,17,1
7649,19,2
7650,4,2
7650,5,1
7650,6,1
7650,7,4
7650,8,2
7650,10,1
7650,11,1
7650,12,1
7650,13,1
7650,14,3
7650,15,2
7650,16,1
7650,17,2
7650,18,1
7650,19,1
7650,20,1
7650,21,2
7652,4,1
7652,6,2
7652,9,2
7652,10,1
7652,12,2
7652,13,1
7652,14,4
7652,15,6
7652,16,4
7652,17,3
7652,18,3
7652,19,3
7652,20,1
7652,23,1
7656,9,1
7656,16,1
7656,20,1
7657,0,1
7657,5,1
7657,6,1
7657,9,1
7657,10,2
7657,16,1
7657,21,1
7657,22,1
7660,0,2
7660,3,2
7660,4,3
7660,6,2
7660,7,3
7660,8,2
7660,9,3
7660,10,2
7660,11,1
7660,12,7
7660,13,1
7660,14,3
7660,15,4
7660,16,2
7660,17,4
7660,18,2
7660,19,3
7660,20,1
7660,22,2
7660,23,2
7661,0,3
7661,1,1
7661,3,1
7661,7,2
7661,10,4
7661,11,2
7661,13,1
7661,14,3
7661,15,1
7661,16,1
7661,18,3
7661,21,2
7661,22,1
7662,0,1
7662,4,1
7662,5,1
7662,7,1
7662,8,3
7662,10,1
7662,12,2
7662,13,5
7662,14,2
7662,15,5
7662,16,2
7662,17,4
7662,19,1
7662,20,1
7663,8,1
7663,10,1
7663,11,1
7663,13,1
7663,14,1
7663,15,1
7663,18,2
7663,19,1
7663,21,1
7663,22,1
7666,0,1
7666,1,1
7666,3,2
7666,4,1
7666,5,2
7666,6,2
7666,7,3
7666,9,1
7666,10,1
7666,11,1
7666,12,1
7666,13,1
7666,14,1
7666,15,1
7666,16,2
7666,17,2
7666,20,1
7666,23,1
7670,3,3
7670,4,2
7670,5,2
7670,6,1
7670,7,3
7670,8,2
7670,9,2
7670,10,1
7670,11,3
7670,12,1
7670,13,3
7670,15,2
7670,17,2
7670,18,1
7670,19,2
7670,20,3
7670,21,4
7670,22,2
7670,23,4
7675,1,1
7675,17,1
7676,1,1
7676,2,1
7676,7,3
7676,8,1
7676,12,1
7676,13,1
7676,14,1
7676,17,1
7676,18,1
7676,19,1
7676,22,3
7677,9,1
7677,13,1
7677,14,1
7677,18,1
7701,0,4
7701,1,1
7701,14,1
7701,16,1
7701,20,2
7701,23,2
7702,13,1
7702,22,1
7703,17,1
7704,2,1
7711,0,1
7711,15,1
7711,22,1
7711,23,2
7712,22,1
7716,21,2
7717,0,4
7717,1,5
7717,2,1
7717,14,3
7717,16,2
7717,17,6
7717,18,5
7717,19,3
7717,20,1
7717,21,12
7717,22,7
7717,23,6
7719,11,1
7719,21,2
7720,1,2
7720,20,1
7720,22,2
7720,23,1
7721,17,1
7722,22,1
7723,2,1
7723,19,1
7723,20,1
7723,21,1
7724,0,1
7724,22,1
7726,7,1
7727,16,1
7728,22,1
7728,23,1
7730,0,1
7730,22,1
7731,20,1
7732,11,1
7732,17,1
7732,19,1
7732,21,1
7732,22,1
7733,8,1
7733,20,1
7733,22,1
7734,13,1
7739,19,1
7739,21,1
7740,0,1
7740,10,1
7740,13,1
7746,14,1
7746,21,2
7748,20,1
7750,16,2
7750,18,1
7750,21,1
7751,2,1
7753,16,1
7753,17,3
7753,19,1
7753,20,1
7755,16,1
7755,20,1
7756,0,3
7756,1,3
7756,2,1
7756,11,1
7756,20,2
7756,22,2
7756,23,2
7760,0,1
7760,17,1
7760,18,1
7760,20,1
7760,21,5
7762,0,1
7762,18,3
7762,19,2
7762,20,4
7762,21,2
7762,22,6
7762,23,3
7764,0,1
7764,11,1
7764,19,1
7764,22,3
7801,12,3
7834,11,1
7834,17,1
7834,19,1
7834,23,1
7847,14,1
7866,10,1
7866,15,2
7869,15,1
7869,22,1
7876,22,1
7901,0,3
7901,1,3
7901,4,2
7901,8,1
7901,9,1
7901,10,2
7901,11,1
7901,12,1
7901,13,4
7901,14,7
7901,15,2
7901,16,3
7901,17,2
7901,19,4
7901,20,3
7901,21,6
7901,22,4
7901,23,7
7920,18,1
7921,10,1
7921,13,2
7921,14,1
7921,16,3
7921,17,1
7922,5,1
7922,6,1
7922,9,1
7922,11,1
7922,13,1
7922,14,1
7922,17,1
7922,18,2
7922,19,1
7922,20,1
7924,0,1
7924,8,1
7924,10,1
7924,12,1
7927,6,4
7927,7,4
7927,8,1
7927,10,1
7927,11,1
7927,12,2
7927,13,1
7927,15,1
7927,16,2
7927,18,2
7927,22,2
7927,23,2
7928,4,1
7928,7,2
7928,12,1
7928,16,1
7928,17,1
7928,18,4
7928,20,1
7928,21,1
7928,22,2
7932,6,1
7932,8,1
7932,12,1
7932,13,1
7932,14,2
7932,15,2
7932,16,2
7932,17,1
7932,18,2
7932,21,2
7932,22,1
7932,23,2
7933,22,1
7936,6,1
7936,9,1
7936,10,1
7936,13,1
7936,14,2
7936,15,1
7936,16,1
7936,17,5
7936,18,2
7936,19,1
7936,21,1
7936,22,1
7936,23,1
7939,5,1
7939,13,1
7939,14,1
7939,17,1
7939,18,1
7940,0,2
7940,1,1
7940,3,1
7940,5,1
7940,6,2
7940,7,2
7940,8,1
7940,10,1
7940,11,1
7940,12,1
7940,13,3
7940,14,6
7940,15,4
7940,16,3
7940,17,2
7940,18,2
7940,20,2
7940,21,7
7940,22,2
7940,23,2
7945,10,1
7945,16,1
7946,18,1
7950,5,1
7950,7,1
7950,10,3
7950,11,1
7950,16,2
7950,17,1
7950,18,2
7950,19,2
7950,21,2
7960,0,16
7960,2,2
7960,5,1
7960,6,4
7960,7,1
7960,13,1
7960,14,1
7960,15,1
7960,17,2
7960,19,3
7960,20,2
7960,21,5
7960,22,5
7960,23,2
7974,0,1
7974,4,1
7974,7,1
7974,11,1
7974,12,1
7974,13,1
7974,14,1
7974,20,1
7974,21,1
7974,22,1
7976,6,1
7976,16,1
7976,17,1
7980,15,1
7980,23,1
7981,3,1
7981,11,1
7981,15,1
7981,18,1
7981,19,1
7981,20,1
7981,22,1
8512,13,1
8514,16,1
8520,7,1
8520,12,1
8520,13,1
8520,14,1
8520,17,1
8528,10,1
8528,17,1
8528,18,1
8528,21,1
8536,1,1
8536,8,1
8536,10,4
8536,12,1
8536,14,3
8536,15,4
8536,17,2
8540,14,1
8540,19,1
8542,0,1
8542,1,3
8542,2,3
8542,6,1
8542,8,1
8542,10,1
8542,12,1
8542,13,4
8542,14,3
8542,15,1
8542,16,1
8542,18,1
8542,19,4
8542,20,2
8542,21,2
8542,22,1
8542,23,1
8550,10,1
8550,21,1
8553,16,1
8553,19,1
8558,12,1
8619,18,1
8691,18,1
8722,0,2
8722,6,1
8723,21,1
8724,21,1
8730,0,1
8730,20,2
8730,21,1
8730,22,1
8735,19,1
8735,20,1
8735,21,1
8735,22,1
8736,18,1
8738,0,1
8738,19,1
8738,20,1
8742,18,2
8742,19,1
8742,22,2
8742,23,1
8750,0,2
8750,12,1
8750,13,1
8750,14,1
8750,16,2
8750,17,1
8750,18,2
8750,20,4
8750,21,2
8750,22,2
8750,23,4
8751,1,3
8753,20,1
8805,20,1
8807,10,1
8807,13,1
8807,14,1
8807,15,2
8810,13,1
8810,14,1
8810,16,1
8812,13,1
8816,14,1
8817,6,1
8817,8,1
8817,9,1
8817,12,1
8817,13,3
8817,16,1
8817,21,2
8820,6,4
8820,8,1
8820,9,1
8820,10,1
8820,14,1
8820,17,1
8820,19,2
8824,10,1
8828,23,1
8830,0,1
8830,6,2
8830,7,1
8830,8,3
8830,9,3
8830,10,2
8830,11,3
8830,13,3
8830,14,6
8830,15,5
8830,16,2
8830,17,6
8830,18,2
8830,19,4
8830,21,3
8830,22,2
8830,23,1
8836,16,1
8836,22,1
8837,1,1
8837,2,1
8837,3,1
8837,7,1
8837,8,1
8837,10,1
8837,11,1
8837,12,2
8837,14,2
8837,17,1
8837,18,1
8837,19,1
8837,22,1
8840,0,1
8840,5,1
8840,7,1
8840,9,1
8840,16,1
8840,17,1
8840,18,2
8840,19,3
8840,20,2
8840,23,1
8846,11,1
8850,9,1
8852,21,1
8854,5,1
8854,7,1
8854,9,1
8854,10,1
8854,12,1
8854,13,1
8854,14,1
8854,15,1
8854,17,2
8854,18,1
8854,19,1
8854,21,1
8857,17,1
8857,22,1
8859,19,2
8861,1,1
8861,2,1
8861,13,1
8861,14,2
8863,9,1
8863,10,1
8863,13,2
8863,14,1
8863,15,2
8863,16,1
8863,19,1
8863,20,1
8869,4,1
8869,7,2
8869,12,1
8869,14,1
8872,4,1
8872,13,1
8873,17,2
8873,18,1
8876,8,1
8879,7,1
8879,8,1
8879,12,1
8879,18,1
8879,21,1
8880,4,1
8880,6,2
8880,9,2
8880,10,1
8880,14,1
8880,18,1
8880,19,1
8880,22,1
8882,7,1
8882,11,1
8882,16,1
8884,1,1
8889,10,1
8901,0,2
8901,5,1
8901,8,2
8901,9,1
8901,14,2
8901,15,1
8901,16,2
8901,19,1
8901,21,2
8901,23,1
8902,9,1
8902,10,1
8902,12,1
8902,16,1
8902,22,1
8904,0,4
8904,1,2
8904,2,1
8904,4,1
8904,5,1
8904,6,1
8904,7,1
8904,8,1
8904,9,1
8904,12,2
8904,13,5
8904,14,7
8904,15,3
8904,16,2
8904,17,3
8904,18,3
8904,19,1
8904,20,1
8904,21,2
8904,22,4
8904,23,2
10001,0,922
10001,1,543
10001,2,341
10001,3,353
10001,4,345
10001,5,451
10001,6,700
10001,7,1172
10001,8,1354
10001,9,1375
10001,10,1558
10001,11,1675
10001,12,1693
10001,13,1974
10001,14,2310
10001,15,3031
10001,16,4123
10001,17,4702
10001,18,4070
10001,19,3134
10001,20,2725
10001,21,2513
10001,22,2192
10001,23,1431
10002,0,1525
10002,1,1310
10002,2,895
10002,3,544
10002,4,411
10002,5,699
10002,6,1044
10002,7,1441
10002,8,1665
10002,9,1158
10002,10,1080
10002,11,1028
10002,12,1151
10002,13,1238
10002,14,1375
10002,15,1446
10002,16,1406
10002,17,1653
10002,18,1798
10002,19,1824
10002,20,2024
10002,21,2124
10002,22,2049
10002,23,1783
10003,0,1344
10003,1,813
10003,2,455
10003,3,499
10003,4,490
10003,5,642
10003,6,1270
10003,7,1954
10003,8,1817
10003,9,1283
10003,10,1175
10003,11,1358
10003,12,1409
10003,13,1578
10003,14,1953
10003,15,2343
10003,16,2359
10003,17,2709
10003,18,2821
10003,19,2647
10003,20,2792
10003,21,3184
10003,22,3110
10003,23,2350
10004,0,1
10004,1,1
10004,2,1
10004,3,1
10004,5,2
10004,6,1
10004,7,1
10004,9,2
10004,10,2
10004,11,5
10004,12,6
10004,13,7
10004,14,7
10004,15,15
10004,16,10
10004,17,7
10004,18,5
10004,19,5
10004,20,10
10004,21,16
10004,22,29
10004,23,14
10005,0,103
10005,1,66
10005,2,36
10005,3,58
10005,4,68
10005,5,85
10005,6,103
10005,7,133
10005,8,144
10005,9,143
10005,10,188
10005,11,227
10005,12,236
10005,13,253
10005,14,402
10005,15,519
10005,16,654
10005,17,585
10005,18,523
10005,19,496
10005,20,410
10005,21,302
10005,22,265
10005,23,196
10006,0,90
10006,1,55
10006,2,34
10006,3,50
10006,4,70
10006,5,100
10006,6,92
10006,7,124
10006,8,107
10006,9,136
10006,10,187
10006,11,169
10006,12,227
10006,13,275
10006,14,360
10006,15,414
10006,16,469
10006,17,483
10006,18,497
10006,19,406
10006,20,349
10006,21,333
10006,22,237
10006,23,167
10007,0,173
10007,1,105
10007,2,65
10007,3,73
10007,4,99
10007,5,142
10007,6,220
10007,7,248
10007,8,255
10007,9,252
10007,10,313
10007,11,323
10007,12,339
10007,13,380
10007,14,460
10007,15,562
10007,16,593
10007,17,730
10007,18,743
10007,19,655
10007,20,589
10007,21,471
10007,22,439
10007,23,329
10009,0,776
10009,1,456
10009,2,346
10009,3,326
10009,4,364
10009,5,624
10009,6,1401
10009,7,2135
10009,8,2255
10009,9,1144
10009,10,837
10009,11,821
10009,12,760
10009,13,807
10009,14,860
10009,15,1007
10009,16,1075
10009,17,1193
10009,18,1343
10009,19,1302
10009,20,1128
10009,21,1167
10009,22,1259
10009,23,1039
10011,0,1543
10011,1,1051
10011,2,765
10011,3,687
10011,4,602
10011,5,957
10011,6,1667
10011,7,2572
10011,8,2347
10011,9,1721
10011,10,1694
10011,11,1765
10011,12,1896
10011,13,2190
10011,14,2753
10011,15,3451
10011,16,3938
10011,17,4194
10011,18,4198
10011,19,3705
10011,20,3626
10011,21,3961
10011,22,3732
10011,23,2702
10012,0,1521
10012,1,873
10012,2,511
10012,3,449
10012,4,479
10012,5,706
10012,6,1258
10012,7,1605
10012,8,1700
10012,9,1541
10012,10,1673
10012,11,1896
10012,12,1965
10012,13,2549
10012,14,3140
10012,15,3774
10012,16,4181
10012,17,4642
10012,18,4173
10012,19,4004
10012,20,4021
10012,21,4385
10012,22,3982
10012,23,2710
10013,0,473
10013,1,277
10013,2,186
10013,3,179
10013,4,208
10013,5,304
10013,6,575
10013,7,732
10013,8,874
10013,9,776
10013,10,816
10013,11,768
10013,12,806
10013,13,952
10013,14,1008
10013,15,1220
10013,16,1577
10013,17,1702
10013,18,1841
10013,19,1663
10013,20,1646
10013,21,1705
10013,22,1324
10013,23,898
10014,0,1480
10014,1,1272
10014,2,898
10014,3,703
10014,4,318
10014,5,581
10014,6,898
10014,7,1179
10014,8,1034
10014,9,798
10014,10,811
10014,11,825
10014,12,958
10014,13,1132
10014,14,1382
10014,15,1661
10014,16,1822
10014,17,1898
10014,18,1863
10014,19,1924
10014,20,2141
10014,21,2547
10014,22,2362
10014,23,1875
10016,0,131
10016,1,96
10016,2,75
10016,3,99
10016,4,140
10016,5,188
10016,6,376
10016,7,599
10016,8,612
10016,9,352
10016,10,330
10016,11,270
10016,12,316
10016,13,297
10016,14,381
10016,15,516
10016,16,505
10016,17,560
10016,18,607
10016,19,535
10016,20,525
10016,21,534
10016,22,497
10016,23,331
10017,0,280
10017,1,160
10017,2,105
10017,3,212
10017,4,223
10017,5,379
10017,6,598
10017,7,1064
10017,8,938
10017,9,741
10017,10,801
10017,11,822
10017,12,830
10017,13,925
10017,14,1058
10017,15,1356
10017,16,1558
10017,17,1948
10017,18,1992
10017,19,1550
10017,20,1226
10017,21,972
10017,22,810
10017,23,572
10018,0,785
10018,1,555
10018,2,396
10018,3,433
10018,4,413
10018,5,504
10018,6,801
10018,7,1429
10018,8,1363
10018,9,1087
10018,10,1027
10018,11,1061
10018,12,1049
10018,13,1087
10018,14,1173
10018,15,1511
10018,16,1712
10018,17,1845
10018,18,1882
10018,19,1748
10018,20,2202
10018,21,2782
10018,22,1977
10018,23,1297
10019,0,289
10019,1,169
10019,2,139
10019,3,195
10019,4,227
10019,5,337
10019,6,556
10019,7,921
10019,8,984
10019,9,825
10019,10,736
10019,11,725
10019,12,707
10019,13,783
10019,14,874
10019,15,1133
10019,16,1247
10019,17,1154
10019,18,1209
10019,19,1047
10019,20,1071
10019,21,1179
10019,22,935
10019,23,540
10020,0,223
10020,1,139
10020,2,83
10020,3,67
10020,4,62
10020,5,65
10020,6,110
10020,7,204
10020,8,228
10020,9,324
10020,10,345
10020,11,376
10020,12,409
10020,13,527
10020,14,551
10020,15,866
10020,16,1105
10020,17,1003
10020,18,912
10020,19,1013
10020,20,1272
10020,21,1207
10020,22,849
10020,23,464
10021,0,179
10021,1,104
10021,2,77
10021,3,137
10021,4,217
10021,5,430
10021,6,1295
10021,7,1857
10021,8,1566
10021,9,1196
10021,10,1087
10021,11,1104
10021,12,1123
10021,13,1248
10021,14,1498
10021,15,1891
10021,16,1939
10021,17,1893
10021,18,1863
10021,19,1370
10021,20,1026
10021,21,857
10021,22,610
10021,23,332
10022,0,171
10022,1,87
10022,2,65
10022,3,79
10022,4,109
10022,5,165
10022,6,339
10022,7,485
10022,8,494
10022,9,492
10022,10,538
10022,11,595
10022,12,612
10022,13,657
10022,14,889
10022,15,1212
10022,16,1323
10022,17,1471
10022,18,1374
10022,19,1156
10022,20,863
10022,21,660
10022,22,506
10022,23,245
10023,0,194
10023,1,129
10023,2,109
10023,3,194
10023,4,287
10023,5,628
10023,6,1279
10023,7,1763
10023,8,1611
10023,9,1094
10023,10,852
10023,11,791
10023,12,787
10023,13,837
10023,14,942
10023,15,1219
10023,16,1296
10023,17,1269
10023,18,1141
10023,19,885
10023,20,853
10023,21,920
10023,22,749
10023,23,370
10024,0,2
10024,1,2
10024,2,2
10024,5,9
10024,6,10
10024,7,9
10024,8,13
10024,9,7
10024,10,15
10024,11,6
10024,12,11
10024,13,17
10024,14,15
10024,15,13
10024,16,15
10024,17,17
10024,18,13
10024,19,8
10024,20,6
10024,21,15
10024,22,3
10024,23,9
10025,0,75
10025,1,42
10025,2,35
10025,3,71
10025,4,109
10025,5,190
10025,6,290
10025,7,331
10025,8,309
10025,9,245
10025,10,199
10025,11,185
10025,12,192
10025,13,199
10025,14,203
10025,15,223
10025,16,245
10025,17,286
10025,18,264
10025,19,218
10025,20,201
10025,21,172
10025,22,194
10025,23,113
10026,0,93
10026,1,54
10026,2,33
10026,3,67
10026,4,74
10026,5,92
10026,6,128
10026,7,134
10026,8,133
10026,9,141
10026,10,120
10026,11,111
10026,12,140
10026,13,147
10026,14,129
10026,15,138
10026,16,146
10026,17,153
10026,18,170
10026,19,177
10026,20,201
10026,21,188
10026,22,174
10026,23,120
10027,0,52
10027,1,26
10027,2,39
10027,3,33
10027,4,50
10027,5,63
10027,6,73
10027,7,83
10027,8,85
10027,9,86
10027,10,97
10027,11,122
10027,12,116
10027,13,97
10027,14,116
10027,15,146
10027,16,152
10027,17,122
10027,18,151
10027,19,142
10027,20,156
10027,21,125
10027,22,113
10027,23,88
10028,0,222
10028,1,118
10028,2,89
10028,3,172
10028,4,236
10028,5,455
10028,6,1485
10028,7,2122
10028,8,1724
10028,9,1034
10028,10,852
10028,11,795
10028,12,716
10028,13,862
10028,14,966
10028,15,1187
10028,16,1275
10028,17,1259
10028,18,1204
10028,19,927
10028,20,719
10028,21,655
10028,22,518
10028,23,362
10029,0,61
10029,1,28
10029,2,20
10029,3,46
10029,4,61
10029,5,123
10029,6,160
10029,7,222
10029,8,233
10029,9,233
10029,10,195
10029,11,201
10029,12,198
10029,13,272
10029,14,265
10029,15,317
10029,16,316
10029,17,303
10029,18,288
10029,19,242
10029,20,209
10029,21,193
10029,22,172
10029,23,111
10030,0,65
10030,1,55
10030,2,30
10030,3,34
10030,4,47
10030,5,58
10030,6,84
10030,7,72
10030,8,87
10030,9,73
10030,10,68
10030,11,73
10030,12,61
10030,13,78
10030,14,62
10030,15,81
10030,16,85
10030,17,119
10030,18,98
10030,19,79
10030,20,104
10030,21,103
10030,22,85
10030,23,82
10031,0,34
10031,1,19
10031,2,18
10031,3,32
10031,4,26
10031,5,37
10031,6,54
10031,7,28
10031,8,44
10031,9,69
10031,10,56
10031,11,41
10031,12,33
10031,13,35
10031,14,43
10031,15,44
10031,16,40
10031,17,40
10031,18,63
10031,19,47
10031,20,45
10031,21,59
10031,22,57
10031,23,51
10032,0,39
10032,1,31
10032,2,18
10032,3,34
10032,4,33
10032,5,55
10032,6,66
10032,7,82
10032,8,58
10032,9,86
10032,10,86
10032,11,95
10032,12,81
10032,13,97
10032,14,108
10032,15,97
10032,16,124
10032,17,105
10032,18,90
10032,19,73
10032,20,80
10032,21,97
10032,22,76
10032,23,69
10034,0,61
10034,1,28
10034,2,38
10034,3,51
10034,4,41
10034,5,55
10034,6,61
10034,7,79
10034,8,60
10034,9,64
10034,10,69
10034,11,83
10034,12,84
10034,13,61
10034,14,75
10034,15,88
10034,16,76
10034,17,86
10034,18,79
10034,19,61
10034,20,81
10034,21,118
10034,22,99
10034,23,63
10035,0,37
10035,1,18
10035,2,13
10035,3,24
10035,4,39
10035,5,52
10035,6,49
10035,7,72
10035,8,56
10035,9,67
10035,10,81
10035,11,66
10035,12,78
10035,13,117
10035,14,123
10035,15,139
10035,16,162
10035,17,154
10035,18,121
10035,19,133
10035,20,131
10035,21,170
10035,22,192
10035,23,71
10037,0,49
10037,1,37
10037,2,41
10037,3,43
10037,4,29
10037,5,45
10037,6,77
10037,7,101
10037,8,44
10037,9,47
10037,10,64
10037,11,81
10037,12,77
10037,13,64
10037,14,77
10037,15,67
10037,16,97
10037,17,66
10037,18,90
10037,19,80
10037,20,127
10037,21,109
10037,22,99
10037,23,80
10038,0,90
10038,1,54
10038,2,36
10038,3,64
10038,4,97
10038,5,140
10038,6,159
10038,7,198
10038,8,206
10038,9,200
10038,10,170
10038,11,178
10038,12,179
10038,13,184
10038,14,249
10038,15,246
10038,16,314
10038,17,335
10038,18,374
10038,19,339
10038,20,296
10038,21,277
10038,22,213
10038,23,189
10039,0,35
10039,1,21
10039,2,8
10039,3,18
10039,4,27
10039,5,38
10039,6,42
10039,7,48
10039,8,40
10039,9,54
10039,10,53
10039,11,55
10039,12,41
10039,13,68
10039,14,65
10039,15,66
10039,16,64
10039,17,54
10039,18,41
10039,19,79
10039,20,188
10039,21,222
10039,22,89
10039,23,48
10044,0,101
10044,1,65
10044,2,57
10044,3,82
10044,4,103
10044,5,243
10044,6,726
10044,7,1141
10044,8,883
10044,9,512
10044,10,501
10044,11,458
10044,12,396
10044,13,435
10044,14,578
10044,15,689
10044,16,715
10044,17,606
10044,18,649
10044,19,466
10044,20,410
10044,21,313
10044,22,242
10044,23,174
10065,0,177
10065,1,86
10065,2,76
10065,3,124
10065,4,153
10065,5,259
10065,6,589
10065,7,848
10065,8,847
10065,9,751
10065,10,697
10065,11,684
10065,12,680
10065,13,779
10065,14,953
10065,15,1091
10065,16,1102
10065,17,1244
10065,18,1213
10065,19,1010
10065,20,829
10065,21,661
10065,22,541
10065,23,314
10069,0,40
10069,1,20
10069,2,29
10069,3,55
10069,4,106
10069,5,202
10069,6,450
10069,7,731
10069,8,568
10069,9,315
10069,10,287
10069,11,259
10069,12,264
10069,13,277
10069,14,267
10069,15,343
10069,16,370
10069,17,434
10069,18,407
10069,19,266
10069,20,230
10069,21,213
10069,22,201
10069,23,90
10103,0,272
10103,1,172
10103,2,119
10103,3,139
10103,4,141
10103,5,186
10103,6,318
10103,7,444
10103,8,567
10103,9,574
10103,10,703
10103,11,704
10103,12,756
10103,13,886
10103,14,983
10103,15,1402
10103,16,1617
10103,17,1623
10103,18,1461
10103,19,1476
10103,20,1354
10103,21,1175
10103,22,824
10103,23,530
10110,0,317
10110,1,198
10110,2,147
10110,3,145
10110,4,107
10110,5,137
10110,6,255
10110,7,413
10110,8,631
10110,9,718
10110,10,926
10110,11,951
10110,12,1005
10110,13,1284
10110,14,1540
10110,15,2075
10110,16,2708
10110,17,2904
10110,18,2816
10110,19,2447
10110,20,2220
10110,21,1862
10110,22,1157
10110,23,677
10111,0,81
10111,1,47
10111,2,19
10111,3,18
10111,4,18
10111,5,11
10111,6,44
10111,7,56
10111,8,77
10111,9,112
10111,10,179
10111,11,240
10111,12,269
10111,13,329
10111,14,446
10111,15,650
10111,16,831
10111,17,846
10111,18,717
10111,19,764
10111,20,589
10111,21,391
10111,22,248
10111,23,127
10112,0,39
10112,1,21
10112,2,13
10112,3,15
10112,4,3
10112,5,5
10112,6,3
10112,7,17
10112,8,35
10112,9,36
10112,10,60
10112,11,69
10112,12,78
10112,13,89
10112,14,128
10112,15,198
10112,16,206
10112,17,206
10112,18,189
10112,19,230
10112,20,203
10112,21,175
10112,22,122
10112,23,58
10115,0,22
10115,1,10
10115,2,8
10115,3,11
10115,4,30
10115,5,20
10115,6,29
10115,7,40
10115,8,35
10115,9,38
10115,10,50
10115,11,68
10115,12,66
10115,13,64
10115,14,86
10115,15,81
10115,16,78
10115,17,71
10115,18,85
10115,19,96
10115,20,85
10115,21,72
10115,22,65
10115,23,35
10119,0,202
10119,1,137
10119,2,46
10119,3,54
10119,4,46
10119,5,46
10119,6,111
10119,7,355
10119,8,528
10119,9,472
10119,10,503
10119,11,612
10119,12,654
10119,13,655
10119,14,783
10119,15,1145
10119,16,1471
10119,17,1633
10119,18,1300
10119,19,860
10119,20,861
10119,21,972
10119,22,743
10119,23,387
10152,0,94
10152,1,58
10152,2,53
10152,3,31
10152,4,13
10152,5,18
10152,6,13
10152,7,49
10152,8,62
10152,9,74
10152,10,151
10152,11,158
10152,12,170
10152,13,251
10152,14,342
10152,15,505
10152,16,683
10152,17,801
10152,18,687
10152,19,657
10152,20,577
10152,21,359
10152,22,248
10152,23,164
10153,0,213
10153,1,132
10153,2,61
10153,3,76
10153,4,76
10153,5,141
10153,6,219
10153,7,416
10153,8,494
10153,9,624
10153,10,744
10153,11,812
10153,12,937
10153,13,1181
10153,14,1431
10153,15,1840
10153,16,2311
10153,17,2271
10153,18,1999
10153,19,1749
10153,20,1512
10153,21,1230
10153,22,940
10153,23,642
10154,0,115
10154,1,59
10154,2,42
10154,3,49
10154,4,39
10154,5,74
10154,6,113
10154,7,190
10154,8,173
10154,9,186
10154,10,228
10154,11,268
10154,12,294
10154,13,318
10154,14,377
10154,15,520
10154,16,600
10154,17,753
10154,18,804
10154,19,713
10154,20,590
10154,21,435
10154,22,329
10154,23,198
10162,0,72
10162,1,56
10162,2,46
10162,3,102
10162,4,150
10162,5,328
10162,6,835
10162,7,1027
10162,8,908
10162,9,569
10162,10,392
10162,11,409
10162,12,375
10162,13,483
10162,14,557
10162,15,515
10162,16,542
10162,17,621
10162,18,485
10162,19,423
10162,20,345
10162,21,332
10162,22,258
10162,23,128
10167,0,89
10167,1,52
10167,2,49
10167,3,43
10167,4,31
10167,5,38
10167,6,67
10167,7,110
10167,8,148
10167,9,198
10167,10,246
10167,11,289
10167,12,315
10167,13,391
10167,14,496
10167,15,746
10167,16,1155
10167,17,1219
10167,18,1072
10167,19,919
10167,20,822
10167,21,495
10167,22,272
10167,23,168
10171,0,94
10171,1,46
10171,2,30
10171,3,63
10171,4,71
10171,5,111
10171,6,162
10171,7,223
10171,8,313
10171,9,266
10171,10,317
10171,11,351
10171,12,362
10171,13,366
10171,14,495
10171,15,643
10171,16,840
10171,17,1037
10171,18,964
10171,19,761
10171,20,603
10171,21,420
10171,22,259
10171,23,143
10199,0,393
10199,1,272
10199,2,203
10199,3,219
10199,4,189
10199,5,279
10199,6,500
10199,7,696
10199,8,794
10199,9,684
10199,10,732
10199,11,838
10199,12,900
10199,13,1062
10199,14,1415
10199,15,1772
10199,16,2204
10199,17,2263
10199,18,1591
10199,19,1342
10199,20,1167
10199,21,1333
10199,22,994
10199,23,585
10271,0,159
10271,1,80
10271,2,62
10271,3,61
10271,4,135
10271,5,136
10271,6,136
10271,7,183
10271,8,226
10271,9,199
10271,10,280
10271,11,300
10271,12,323
10271,13,360
10271,14,460
10271,15,520
10271,16,651
10271,17,738
10271,18,733
10271,19,753
10271,20,663
10271,21,502
10271,22,433
10271,23,292
10278,0,316
10278,1,208
10278,2,137
10278,3,151
10278,4,161
10278,5,184
10278,6,331
10278,7,427
10278,8,525
10278,9,465
10278,10,450
10278,11,544
10278,12,462
10278,13,530
10278,14,650
10278,15,787
10278,16,824
10278,17,955
10278,18,992
10278,19,904
10278,20,735
10278,21,680
10278,22,543
10278,23,453
10280,0,39
10280,1,26
10280,2,22
10280,3,36
10280,4,67
10280,5,104
10280,6,129
10280,7,176
10280,8,130
10280,9,166
10280,10,156
10280,11,176
10280,12,191
10280,13,179
10280,14,238
10280,15,314
10280,16,364
10280,17,335
10280,18,293
10280,19,279
10280,20,223
10280,21,168
10280,22,158
10280,23,101
10282,0,84
10282,1,52
10282,2,31
10282,3,77
10282,4,100
10282,5,112
10282,6,219
10282,7,269
10282,8,268
10282,9,283
10282,10,285
10282,11,302
10282,12,322
10282,13,372
10282,14,457
10282,15,625
10282,16,761
10282,17,952
10282,18,889
10282,19,714
10282,20,508
10282,21,388
10282,22,278
10282,23,157
10301,2,1
10301,3,3
10301,4,2
10301,5,1
10301,8,1
10301,9,2
10301,10,2
10301,11,1
10301,12,3
10301,13,1
10301,14,1
10301,15,4
10301,16,2
10301,17,2
10301,18,2
10301,19,2
10301,20,1
10301,21,2
10301,22,1
10301,23,2
10302,4,2
10302,10,1
10302,14,2
10302,15,2
10302,16,1
10302,19,1
10302,20,2
10302,21,3
10302,23,1
10303,4,1
10303,5,2
10303,6,9
10303,7,4
10303,8,2
10303,11,1
10303,12,3
10303,13,1
10303,14,1
10303,17,1
10303,20,1
10303,22,1
10304,0,2
10304,2,2
10304,5,5
10304,6,2
10304,9,1
10304,10,1
10304,11,2
10304,12,5
10304,13,2
10304,14,1
10304,15,1
10304,16,1
10304,17,2
10304,18,2
10304,19,4
10304,20,4
10304,21,3
10304,23,1
10305,3,1
10305,5,1
10305,6,4
10305,7,7
10305,8,4
10305,10,7
10305,11,7
10305,12,4
10305,13,2
10305,14,2
10305,15,3
10305,16,5
10305,17,2
10305,18,3
10305,19,4
10305,20,7
10305,21,3
10305,22,5
10305,23,3
10306,4,1
10306,9,1
10306,15,1
10306,16,1
10306,17,1
10306,19,1
10306,20,1
10306,22,1
10306,23,1
10308,14,2
10308,16,1
10308,18,1
10308,20,1
10309,6,1
10310,0,1
10310,1,1
10310,3,1
10310,5,1
10310,7,1
10310,9,1
10310,11,2
10310,12,1
10310,13,2
10310,14,1
10310,15,1
10310,17,2
10310,18,1
10310,20,1
10310,22,2
10311,8,1
10311,12,1
10311,13,4
10311,17,1
10311,21,1
10311,23,1
10312,1,1
10312,6,1
10312,8,1
10312,19,2
10314,6,2
10314,8,1
10314,10,1
10314,11,1
10314,12,1
10314,15,1
10314,16,2
10314,17,1
10314,19,1
10314,20,1
10314,21,2
10451,0,13
10451,1,4
10451,2,7
10451,3,10
10451,4,8
10451,5,9
10451,6,12
10451,7,24
10451,8,14
10451,9,14
10451,10,12
10451,11,9
10451,12,18
10451,13,21
10451,14,50
10451,15,56
10451,16,40
10451,17,33
10451,18,35
10451,19,35
10451,20,90
10451,21,106
10451,22,69
10451,23,30
10452,0,6
10452,1,8
10452,2,5
10452,3,1
10452,4,9
10452,5,6
10452,6,13
10452,7,13
10452,8,6
10452,9,11
10452,10,11
10452,11,8
10452,12,15
10452,13,18
10452,14,19
10452,15,21
10452,16,7
10452,17,11
10452,18,11
10452,19,22
10452,20,38
10452,21,49
10452,22,17
10452,23,6
10453,0,5
10453,1,2
10453,2,5
10453,3,1
10453,4,3
10453,5,2
10453,6,3
10453,7,4
10453,8,3
10453,9,5
10453,10,5
10453,11,3
10453,12,4
10453,13,8
10453,14,8
10453,15,13
10453,16,9
10453,17,2
10453,18,9
10453,19,12
10453,20,4
10453,21,10
10453,22,7
10453,23,8
10454,0,9
10454,1,6
10454,2,5
10454,3,3
10454,4,3
10454,5,10
10454,6,1
10454,7,4
10454,8,5
10454,9,4
10454,10,6
10454,11,8
10454,12,8
10454,13,6
10454,14,7
10454,15,11
10454,16,11
10454,17,10
10454,18,10
10454,19,8
10454,20,8
10454,21,9
10454,22,8
10454,23,6
10455,0,5
10455,1,2
10455,2,1
10455,3,4
10455,4,1
10455,5,6
10455,6,4
10455,7,7
10455,8,5
10455,9,4
10455,10,7
10455,11,6
10455,12,7
10455,13,6
10455,14,8
10455,15,3
10455,16,10
10455,17,12
10455,18,5
10455,19,5
10455,20,2
10455,21,7
10455,22,6
10455,23,2
10456,0,7
10456,1,6
10456,2,8
10456,3,2
10456,4,4
10456,5,8
10456,6,10
10456,7,12
10456,8,8
10456,9,5
10456,10,8
10456,11,6
10456,12,11
10456,13,7
10456,14,14
10456,15,8
10456,16,8
10456,17,9
10456,18,7
10456,19,10
10456,20,6
10456,21,4
10456,22,10
10456,23,7
10457,0,3
10457,1,2
10457,2,2
10457,3,4
10457,4,1
10457,5,4
10457,6,5
10457,7,7
10457,8,5
10457,9,8
10457,10,7
10457,11,6
10457,12,5
10457,13,9
10457,14,14
10457,15,14
10457,16,8
10457,17,8
10457,18,4
10457,19,7
10457,20,4
10457,21,5
10457,22,7
10457,23,1
10458,0,6
10458,1,11
10458,2,13
10458,3,11
10458,4,7
10458,5,8
10458,6,20
10458,7,24
10458,8,31
10458,9,29
10458,10,23
10458,11,40
10458,12,32
10458,13,53
10458,14,51
10458,15,48
10458,16,53
10458,17,48
10458,18,34
10458,19,32
10458,20,47
10458,21,32
10458,22,33
10458,23,27
10459,0,5
10459,1,5
10459,2,2
10459,3,7
10459,5,3
10459,6,4
10459,7,9
10459,8,5
10459,9,5
10459,10,7
10459,11,7
10459,12,13
10459,13,7
10459,14,11
10459,15,9
10459,16,8
10459,17,11
10459,18,13
10459,19,4
10459,20,7
10459,21,5
10459,22,7
10459,23,2
10460,0,5
10460,1,5
10460,2,1
10460,3,5
10460,5,3
10460,6,1
10460,7,5
10460,8,4
10460,9,6
10460,10,6
10460,11,11
10460,12,12
10460,13,12
10460,14,6
10460,15,17
10460,16,14
10460,17,7
10460,18,8
10460,19,4
10460,20,8
10460,21,7
10460,22,8
10460,23,7
10461,0,3
10461,1,1
10461,2,4
10461,3,4
10461,4,7
10461,5,15
10461,6,13
10461,7,7
10461,8,4
10461,9,13
10461,10,6
10461,11,13
10461,12,7
10461,13,10
10461,14,14
10461,15,16
10461,16,19
10461,17,7
10461,18,14
10461,19,12
10461,20,9
10461,21,9
10461,22,10
10461,23,3
10462,0,4
10462,1,2
10462,2,3
10462,3,2
10462,4,4
10462,5,13
10462,6,9
10462,7,13
10462,8,12
10462,9,10
10462,10,10
10462,11,13
10462,12,17
10462,13,15
10462,14,14
10462,15,22
10462,16,16
10462,17,14
10462,18,18
10462,19,10
10462,20,19
10462,21,13
10462,22,12
10462,23,9
10463,0,11
10463,1,8
10463,2,2
10463,3,7
10463,4,14
10463,5,30
10463,6,38
10463,7,52
10463,8,60
10463,9,37
10463,10,31
10463,11,51
10463,12,46
10463,13,46
10463,14,59
10463,15,41
10463,16,46
10463,17,46
10463,18,39
10463,19,40
10463,20,38
10463,21,41
10463,22,26
10463,23,26
10464,0,2
10464,7,2
10464,9,1
10464,10,1
10464,11,1
10464,12,1
10464,13,2
10464,14,2
10464,15,1
10464,16,1
10464,17,3
10464,18,1
10464,19,7
10464,20,6
10464,21,4
10464,22,3
10465,0,5
10465,1,1
10465,2,2
10465,3,6
10465,4,5
10465,5,1
10465,6,13
10465,7,2
10465,8,6
10465,9,3
10465,10,4
10465,11,3
10465,12,6
10465,13,4
10465,14,7
10465,15,5
10465,16,7
10465,17,6
10465,18,9
10465,19,12
10465,20,10
10465,21,16
10465,22,10
10465,23,8
10466,0,1
10466,1,2
10466,3,2
10466,4,3
10466,5,5
10466,6,5
10466,7,4
10466,9,4
10466,10,6
10466,11,2
10466,12,4
10466,13,2
10466,14,2
10466,15,3
10466,16,3
10466,17,6
10466,18,1
10466,19,4
10466,20,8
10466,21,6
10466,22,5
10466,23,1
10467,0,7
10467,1,9
10467,2,2
10467,3,4
10467,4,5
10467,5,10
10467,6,9
10467,7,9
10467,8,9
10467,9,11
10467,10,11
10467,11,11
10467,12,21
10467,13,24
10467,14,17
10467,15,8
10467,16,17
10467,17,14
10467,18,21
10467,19,10
10467,20,8
10467,21,16
10467,22,16
10467,23,9
10468,0,12
10468,1,7
10468,2,8
10468,3,5
10468,4,8
10468,5,16
10468,6,29
10468,7,19
10468,8,24
10468,9,19
10468,10,31
10468,11,30
10468,12,25
10468,13,28
10468,14,24
10468,15,22
10468,16,36
10468,17,20
10468,18,26
10468,19,27
10468,20,27
10468,21,23
10468,22,22
10468,23,19
10469,0,10
10469,1,8
10469,2,2
10469,3,2
10469,4,2
10469,5,4
10469,6,12
10469,7,16
10469,8,9
10469,9,11
10469,10,11
10469,11,11
10469,12,4
10469,13,11
10469,14,10
10469,15,21
10469,16,16
10469,17,14
10469,18,18
10469,19,16
10469,20,12
10469,21,8
10469,22,7
10469,23,14
10470,0,6
10470,1,3
10470,2,5
10470,3,2
10470,4,3
10470,5,8
10470,6,3
10470,7,4
10470,8,8
10470,9,5
10470,10,4
10470,11,4
10470,12,2
10470,13,7
10470,14,4
10470,15,9
10470,16,8
10470,17,12
10470,18,3
10470,19,7
10470,20,14
10470,21,8
10470,22,7
10470,23,5
10471,2,1
10471,4,4
10471,5,5
10471,6,11
10471,7,10
10471,8,14
10471,9,19
10471,10,26
10471,11,31
10471,12,27
10471,13,51
10471,14,89
10471,15,39
10471,16,39
10471,17,18
10471,18,27
10471,19,16
10471,20,11
10471,21,12
10471,22,8
10471,23,2
10472,0,1
10472,2,1
10472,3,1
10472,4,2
10472,5,3
10472,6,5
10472,7,5
10472,8,3
10472,9,4
10472,10,3
10472,11,5
10472,12,6
10472,13,10
10472,14,9
10472,15,10
10472,16,6
10472,17,8
10472,18,5
10472,19,4
10472,20,7
10472,21,3
10472,22,3
10472,23,1
10473,0,4
10473,1,2
10473,2,1
10473,3,2
10473,4,2
10473,5,6
10473,6,7
10473,7,10
10473,8,3
10473,9,8
10473,10,6
10473,11,2
10473,12,10
10473,13,5
10473,14,5
10473,15,6
10473,16,9
10473,17,4
10473,18,3
10473,19,2
10473,20,3
10473,21,5
10473,22,4
10473,23,5
10474,0,1
10474,1,2
10474,2,2
10474,4,1
10474,5,2
10474,6,2
10474,7,1
10474,9,3
10474,10,2
10474,11,4
10474,12,2
10474,13,3
10474,14,5
10474,15,4
10474,16,4
10474,17,10
10474,18,5
10474,19,6
10474,20,5
10474,21,5
10474,22,4
10474,23,1
10475,0,5
10475,1,1
10475,2,2
10475,3,3
10475,4,2
10475,5,4
10475,6,6
10475,8,4
10475,9,5
10475,10,5
10475,11,12
10475,12,5
10475,13,17
10475,14,19
10475,15,5
10475,16,9
10475,17,8
10475,18,8
10475,19,12
10475,20,5
10475,21,7
10475,22,6
10475,23,10
10502,0,1
10502,2,1
10502,7,1
10502,8,1
10502,9,1
10502,11,3
10502,12,1
10502,13,2
10502,15,1
10502,16,3
10502,17,1
10502,18,3
10502,20,4
10502,21,2
10504,5,1
10504,13,3
10504,14,1
10504,15,5
10504,16,2
10504,17,1
10504,18,1
10504,19,1
10504,20,3
10504,21,1
10506,21,1
10506,22,1
10506,23,1
10507,11,1
10507,14,1
10507,16,1
10507,23,2
10510,5,1
10510,8,1
10510,10,2
10510,15,3
10510,17,1
10510,18,1
10510,19,1
10510,20,3
10510,22,1
10510,23,1
10514,7,1
10514,10,1
10514,12,2
10514,16,1
10514,19,1
10520,6,1
10520,19,1
10520,21,1
10522,0,2
10522,1,1
10522,4,1
10522,6,1
10522,8,1
10522,10,1
10522,11,1
10522,12,2
10522,13,1
10522,14,2
10522,16,3
10522,17,3
10522,18,3
10522,19,1
10522,20,2
10522,21,2
10522,23,3
10523,1,2
10523,3,1
10523,6,2
10523,7,2
10523,8,1
10523,9,1
10523,10,1
10523,11,2
10523,12,1
10523,13,1
10523,14,1
10523,15,2
10523,16,2
10523,17,3
10523,18,2
10523,19,1
10523,20,1
10523,21,2
10523,23,1
10528,1,1
10528,2,1
10528,4,1
10528,5,1
10528,6,1
10528,7,2
10528,8,1
10528,10,3
10528,11,1
10528,12,3
10528,14,1
10528,15,6
10528,16,4
10528,17,3
10528,18,2
10528,19,3
10528,20,5
10528,21,2
10528,22,2
10528,23,5
10530,0,1
10530,1,2
10530,3,1
10530,7,1
10530,9,2
10530,10,2
10530,12,2
10530,14,1
10530,15,1
10530,16,2
10530,17,1
10530,18,2
10530,19,2
10530,20,3
10532,2,1
10532,9,2
10532,12,1
10532,16,1
10532,17,5
10532,18,2
10532,21,2
10532,22,2
10533,0,2
10533,2,5
10533,5,1
10533,9,1
10533,10,1
10533,11,2
10533,13,2
10533,14,5
10533,15,3
10533,16,1
10533,17,2
10533,18,1
10533,19,1
10533,20,5
10533,21,3
10533,22,2
10533,23,3
10538,0,10
10538,1,2
10538,4,1
10538,5,5
10538,6,5
10538,7,2
10538,8,3
10538,9,2
10538,10,2
10538,12,4
10538,13,5
10538,14,5
10538,15,3
10538,16,3
10538,17,3
10538,18,3
10538,19,4
10538,20,14
10538,21,6
10538,22,3
10538,23,4
10543,0,6
10543,1,2
10543,3,1
10543,5,2
10543,6,4
10543,7,5
10543,8,1
10543,9,5
10543,10,4
10543,11,3
10543,12,6
10543,13,4
10543,14,9
10543,15,6
10543,16,3
10543,17,5
10543,18,5
10543,19,4
10543,20,5
10543,21,10
10543,22,5
10543,23,5
10546,9,2
10546,12,1
10546,17,1
10547,5,1
10549,23,1
10550,1,1
10550,2,2
10550,3,4
10550,4,1
10550,5,3
10550,7,1
10550,8,1
10550,9,1
10550,11,2
10550,13,2
10550,14,1
10550,16,2
10550,17,1
10550,18,2
10550,20,3
10550,22,2
10550,23,1
10552,0,2
10552,3,1
10552,4,1
10552,5,1
10552,6,5
10552,7,3
10552,8,1
10552,9,3
10552,10,2
10552,11,1
10552,13,1
10552,14,4
10552,15,1
10552,16,2
10552,18,3
10552,19,2
10552,20,3
10552,21,2
10552,22,3
10552,23,2
10553,2,1
10553,3,1
10553,4,1
10553,7,1
10553,8,2
10553,9,3
10553,10,2
10553,11,1
10553,12,1
10553,13,2
10553,14,3
10553,16,4
10553,18,3
10553,19,4
10553,20,2
10553,21,2
10553,22,2
10553,23,1
10562,14,1
10570,10,1
10570,14,1
10570,22,1
10570,23,1
10573,0,3
10573,1,3
10573,2,2
10573,4,1
10573,5,2
10573,6,2
10573,7,1
10573,8,3
10573,9,2
10573,10,3
10573,11,3
10573,12,3
10573,13,6
10573,14,5
10573,15,2
10573,16,4
10573,17,3
10573,18,4
10573,19,10
10573,20,10
10573,21,11
10573,22,5
10573,23,6
10577,0,2
10577,1,1
10577,5,1
10577,8,3
10577,9,7
10577,10,5
10577,11,5
10577,12,7
10577,13,7
10577,14,9
10577,15,14
10577,16,12
10577,17,5
10577,18,6
10577,19,8
10577,20,4
10577,21,4
10577,22,4
10578,12,1
10580,0,3
10580,1,2
10580,2,1
10580,6,1
10580,7,4
10580,8,6
10580,9,3
10580,10,9
10580,11,5
10580,12,7
10580,13,8
10580,14,6
10580,15,8
10580,16,9
10580,17,8
10580,18,11
10580,19,13
10580,20,16
10580,21,13
10580,22,13
10580,23,10
10583,0,3
10583,1,1
10583,4,2
10583,5,7
10583,6,6
10583,7,5
10583,8,5
10583,9,3
10583,10,7
10583,11,7
10583,12,4
10583,13,4
10583,14,8
10583,15,4
10583,16,6
10583,17,8
10583,18,7
10583,19,7
10583,20,3
10583,21,3
10583,22,2
10583,23,1
10591,0,4
10591,1,2
10591,5,2
10591,8,2
10591,10,5
10591,11,5
10591,12,6
10591,13,2
10591,14,2
10591,15,8
10591,16,3
10591,17,1
10591,18,6
10591,19,3
10591,20,3
10591,21,6
10591,22,3
10591,23,2
10594,4,1
10594,9,2
10594,14,1
10595,7,1
10595,11,2
10595,13,2
10595,14,1
10595,15,1
10595,16,3
10595,18,1
10601,0,7
10601,1,3
10601,2,6
10601,3,2
10601,4,2
10601,5,4
10601,6,10
10601,7,10
10601,8,14
10601,9,14
10601,10,7
10601,11,7
10601,12,11
10601,13,10
10601,14,9
10601,15,23
10601,16,20
10601,17,14
10601,18,13
10601,19,8
10601,20,11
10601,21,14
10601,22,13
10601,23,11
10603,0,2
10603,7,2
10603,8,4
10603,9,3
10603,10,3
10603,11,2
10603,12,2
10603,13,1
10603,14,2
10603,17,3
10603,18,1
10603,19,2
10603,22,1
10604,0,1
10604,4,1
10604,6,3
10604,7,1
10604,8,6
10604,9,3
10604,10,5
10604,11,6
10604,12,6
10604,13,6
10604,14,8
10604,15,8
10604,16,14
10604,17,15
10604,18,4
10604,19,8
10604,20,5
10604,21,6
10604,22,4
10605,0,2
10605,1,1
10605,4,1
10605,5,1
10605,6,5
10605,7,3
10605,8,7
10605,9,6
10605,10,12
10605,11,1
10605,12,6
10605,13,7
10605,14,2
10605,15,12
10605,16,10
10605,17,11
10605,18,5
10605,19,5
10605,20,1
10605,21,5
10605,22,6
10605,23,6
10606,0,1
10606,4,1
10606,8,5
10606,9,1
10606,11,1
10606,12,1
10606,13,1
10606,14,3
10606,15,5
10606,16,2
10606,17,1
10606,18,2
10606,19,1
10606,20,1
10606,21,1
10606,22,1
10607,0,1
10607,2,1
10607,6,1
10607,8,1
10607,9,1
10607,10,1
10607,11,2
10607,12,2
10607,13,1
10607,14,1
10607,15,3
10607,16,1
10607,18,2
10607,19,1
10607,22,2
10701,0,1
10701,1,1
10701,2,2
10701,3,1
10701,6,2
10701,8,1
10701,13,4
10701,14,3
10701,15,2
10701,17,3
10701,19,3
10701,20,2
10701,21,2
10701,22,3
10701,23,1
10703,0,1
10703,5,2
10703,6,1
10703,7,1
10703,8,5
10703,9,1
10703,10,5
10703,11,1
10703,12,3
10703,13,2
10703,14,3
10703,15,6
10703,16,4
10703,17,1
10703,18,2
10703,19,1
10703,20,2
10703,21,1
10703,22,2
10704,0,4
10704,3,1
10704,4,1
10704,6,1
10704,7,2
10704,8,5
10704,9,6
10704,10,3
10704,11,3
10704,12,2
10704,13,4
10704,14,8
10704,15,6
10704,16,9
10704,17,8
10704,18,4
10704,19,4
10704,20,2
10704,21,3
10704,22,6
10704,23,4
10705,0,2
10705,5,4
10705,6,8
10705,7,5
10705,8,7
10705,9,7
10705,10,3
10705,11,9
10705,12,4
10705,13,4
10705,14,5
10705,15,4
10705,16,2
10705,17,2
10705,18,10
10705,19,4
10705,20,4
10705,21,12
10705,22,4
10705,23,6
10706,6,1
10706,9,3
10706,11,1
10706,13,3
10706,14,3
10706,15,2
10706,17,1
10706,20,1
10706,21,1
10707,3,2
10707,5,1
10707,6,2
10707,8,3
10707,9,2
10707,12,1
10707,15,4
10707,16,4
10707,17,2
10707,18,3
10707,20,2
10707,21,3
10707,22,2
10707,23,1
10708,0,5
10708,1,2
10708,2,1
10708,3,1
10708,4,8
10708,5,6
10708,6,4
10708,7,7
10708,8,2
10708,9,6
10708,10,7
10708,11,9
10708,12,9
10708,13,8
10708,14,11
10708,15,4
10708,16,13
10708,17,8
10708,18,7
10708,19,8
10708,20,11
10708,21,12
10708,22,8
10708,23,6
10709,1,1
10709,5,1
10709,8,1
10709,9,2
10709,12,1
10709,13,1
10709,14,1
10709,15,1
10709,17,1
10709,18,1
10709,19,2
10709,20,1
10709,21,2
10709,22,2
10709,23,1
10710,4,1
10710,6,1
10710,8,1
10710,9,2
10710,10,1
10710,13,3
10710,14,4
10710,15,5
10710,16,3
10710,17,3
10710,18,5
10710,19,2
10710,20,3
10710,21,1
10710,22,2
10801,0,3
10801,1,1
10801,2,5
10801,3,1
10801,4,1
10801,5,1
10801,6,2
10801,7,2
10801,8,1
10801,9,2
10801,10,1
10801,11,4
10801,12,4
10801,13,5
10801,14,8
10801,15,8
10801,16,7
10801,17,4
10801,18,7
10801,20,5
10801,21,6
10801,22,1
10801,23,7
10803,0,2
10803,2,1
10803,3,1
10803,5,1
10803,6,3
10803,7,2
10803,8,1
10803,9,3
10803,10,1
10803,11,1
10803,12,3
10803,13,2
10803,14,5
10803,16,7
10803,17,4
10803,18,1
10803,19,2
10803,20,4
10803,21,3
10803,22,2
10803,23,1
10804,5,1
10804,6,2
10804,7,2
10804,8,1
10804,9,1
10804,10,3
10804,11,3
10804,12,4
10804,13,3
10804,14,1
10804,16,4
10804,17,2
10804,18,7
10804,19,2
10804,20,5
10804,21,3
10804,22,2
10804,23,2
10805,0,1
10805,5,6
10805,6,2
10805,8,3
10805,9,3
10805,10,3
10805,11,1
10805,12,2
10805,13,2
10805,15,3
10805,16,4
10805,17,4
10805,18,1
10805,19,2
10805,20,4
10805,21,4
10805,22,1
10805,23,12
10913,14,1
10913,15,1
10913,17,2
10917,20,1
10920,17,1
10926,9,1
10952,21,1
10954,11,1
10954,12,1
10954,16,1
10954,20,1
10956,17,1
10956,21,2
10960,0,2
10960,7,1
10960,8,1
10960,9,2
10960,12,1
10960,13,1
10960,14,1
10960,21,1
10960,23,2
10962,7,1
10962,10,1
10962,13,1
10962,17,1
10962,18,1
10964,5,1
10964,6,1
10964,9,1
10964,10,2
10964,13,1
10964,14,4
10964,15,1
10964,16,2
10964,17,1
10964,20,1
10965,9,1
10965,11,1
10965,12,1
10965,13,1
10965,15,1
10965,16,2
10965,18,3
10965,19,1
10965,21,1
10965,23,1
10968,9,1
10968,14,1
10968,19,2
10968,22,2
10970,0,1
10976,8,1
10976,14,1
10976,20,1
10977,9,1
10977,13,2
10977,14,1
10977,20,1
10983,5,1
10983,12,1
10983,15,1
10984,18,1
10989,0,1
10989,15,2
10994,15,1
10994,19,1
11001,0,9
11001,1,3
11001,2,3
11001,3,3
11001,4,4
11001,5,1
11001,6,2
11001,7,3
11001,8,3
11001,9,3
11001,10,2
11001,11,4
11001,12,3
11001,13,3
11001,14,3
11001,15,5
11001,16,6
11001,17,14
11001,18,10
11001,19,4
11001,20,10
11001,21,9
11001,22,2
11001,23,4
11003,0,6
11003,1,2
11003,4,1
11003,5,2
11003,6,3
11003,7,7
11003,8,4
11003,9,3
11003,10,3
11003,11,1
11003,12,6
11003,13,5
11003,14,4
11003,15,3
11003,16,1
11003,17,8
11003,18,6
11003,19,6
11003,20,3
11003,21,7
11003,22,4
11004,0,1
11004,2,1
11004,4,1
11004,5,3
11004,6,2
11004,7,3
11004,8,2
11004,9,2
11004,10,2
11004,11,1
11004,12,5
11004,13,7
11004,14,7
11004,15,3
11004,16,6
11004,17,3
11004,18,3
11004,19,1
11004,20,4
11004,21,4
11004,22,8
11004,23,3
11005,4,1
11005,6,2
11005,8,2
11005,9,4
11005,11,1
11005,12,1
11005,13,2
11005,14,6
11005,15,3
11005,17,1
11005,18,1
11005,23,1
11010,0,5
11010,1,3
11010,2,1
11010,4,2
11010,5,3
11010,6,1
11010,7,4
11010,9,1
11010,11,4
11010,12,2
11010,13,2
11010,14,4
11010,15,2
11010,16,3
11010,17,4
11010,18,3
11010,19,1
11010,20,3
11010,21,5
11010,22,6
11010,23,1
11020,0,4
11020,2,2
11020,4,1
11020,8,4
11020,9,2
11020,10,5
11020,11,5
11020,12,6
11020,13,11
11020,14,18
11020,15,5
11020,16,10
11020,17,7
11020,18,4
11020,19,9
11020,20,5
11020,21,2
11020,22,1
11020,23,5
11021,0,3
11021,1,5
11021,3,2
11021,4,1
11021,5,2
11021,6,4
11021,7,11
11021,8,6
11021,9,7
11021,10,7
11021,11,4
11021,12,10
11021,13,4
11021,14,1
11021,15,6
11021,16,3
11021,17,15
11021,18,6
11021,19,5
11021,20,5
11021,21,4
11021,22,6
11021,23,6
11023,1,2
11023,6,2
11023,7,2
11023,12,2
11023,13,1
11023,14,2
11023,16,1
11023,18,2
11023,19,3
11023,20,2
11023,21,3
11023,22,3
11023,23,2
11024,0,1
11024,6,1
11024,7,1
11024,11,1
11024,15,1
11024,16,4
11024,17,2
11024,18,2
11024,19,3
11024,21,1
11024,22,1
11024,23,2
11030,0,2
11030,1,3
11030,2,2
11030,3,5
11030,4,1
11030,5,1
11030,6,3
11030,8,2
11030,9,1
11030,10,1
11030,11,4
11030,12,7
11030,13,10
11030,14,4
11030,15,12
11030,16,5
11030,17,12
11030,18,3
11030,19,3
11030,20,5
11030,21,7
11030,22,3
11030,23,5
11040,0,3
11040,1,1
11040,2,2
11040,4,3
11040,5,3
11040,6,2
11040,7,4
11040,8,6
11040,9,2
11040,10,6
11040,11,1
11040,13,5
11040,14,3
11040,15,6
11040,16,8
11040,17,3
11040,18,1
11040,19,4
11040,20,7
11040,21,5
11040,22,6
11040,23,2
11042,5,1
11042,7,3
11042,8,3
11042,9,2
11042,10,8
11042,11,4
11042,12,9
11042,13,9
11042,14,12
11042,15,10
11042,16,10
11042,17,11
11042,18,6
11042,19,5
11042,21,3
11042,22,3
11042,23,3
11050,0,1
11050,4,2
11050,6,1
11050,7,1
11050,8,3
11050,9,2
11050,10,3
11050,13,1
11050,14,6
11050,15,2
11050,16,3
11050,17,2
11050,18,5
11050,19,3
11050,20,4
11050,21,3
11050,22,3
11050,23,1
11096,3,1
11096,5,2
11096,6,3
11096,7,2
11096,8,2
11096,9,1
11096,10,4
11096,11,2
11096,12,1
11096,13,2
11096,14,4
11096,16,2
11096,17,3
11096,18,1
11096,19,1
11096,20,2
11096,21,2
11096,22,2
11101,0,40
11101,1,17
11101,2,13
11101,3,21
11101,4,30
11101,5,49
11101,6,33
11101,7,45
11101,8,52
11101,9,94
11101,10,99
11101,11,105
11101,12,86
11101,13,135
11101,14,135
11101,15,128
11101,16,155
11101,17,150
11101,18,171
11101,19,155
11101,20,154
11101,21,150
11101,22,93
11101,23,55
11102,0,51
11102,1,36
11102,2,30
11102,3,43
11102,4,59
11102,5,112
11102,6,106
11102,7,108
11102,8,92
11102,9,81
11102,10,89
11102,11,98
11102,12,90
11102,13,98
11102,14,115
11102,15,112
11102,16,103
11102,17,110
11102,18,121
11102,19,121
11102,20,108
11102,21,99
11102,22,109
11102,23,82
11103,0,84
11103,1,58
11103,2,64
11103,3,67
11103,4,74
11103,5,90
11103,6,115
11103,7,115
11103,8,127
11103,9,108
11103,10,124
11103,11,111
11103,12,97
11103,13,126
11103,14,102
11103,15,113
11103,16,116
11103,17,127
11103,18,121
11103,19,140
11103,20,145
11103,21,141
11103,22,134
11103,23,125
11104,0,29
11104,1,24
11104,2,19
11104,3,28
11104,4,33
11104,5,38
11104,6,62
11104,7,64
11104,8,68
11104,9,54
11104,10,75
11104,11,62
11104,12,54
11104,13,57
11104,14,65
11104,15,45
11104,16,56
11104,17,69
11104,18,58
11104,19,59
11104,20,54
11104,21,47
11104,22,46
11104,23,38
11105,0,54
11105,1,29
11105,2,18
11105,3,31
11105,4,44
11105,5,49
11105,6,90
11105,7,62
11105,8,74
11105,9,62
11105,10,55
11105,11,55
11105,12,57
11105,13,63
11105,14,65
11105,15,58
11105,16,80
11105,17,84
11105,18,103
11105,19,85
11105,20,85
11105,21,99
11105,22,99
11105,23,68
11106,0,73
11106,1,55
11106,2,42
11106,3,50
11106,4,36
11106,5,52
11106,6,76
11106,7,94
11106,8,73
11106,9,85
11106,10,85
11106,11,104
11106,12,94
11106,13,92
11106,14,101
11106,15,118
11106,16,131
11106,17,144
11106,18,131
11106,19,130
11106,20,113
11106,21,104
11106,22,112
11106,23,84
11109,0,87
11109,1,47
11109,2,41
11109,3,62
11109,4,57
11109,5,85
11109,6,132
11109,7,165
11109,8,183
11109,9,154
11109,10,168
11109,11,131
11109,12,159
11109,13,152
11109,14,176
11109,15,170
11109,16,192
11109,17,229
11109,18,229
11109,19,212
11109,20,232
11109,21,261
11109,22,214
11109,23,140
11201,0,266
11201,1,137
11201,2,93
11201,3,134
11201,4,201
11201,5,326
11201,6,510
11201,7,694
11201,8,631
11201,9,590
11201,10,611
11201,11,667
11201,12,661
11201,13,722
11201,14,821
11201,15,781
11201,16,892
11201,17,1076
11201,18,1036
11201,19,856
11201,20,832
11201,21,798
11201,22,599
11201,23,458
11203,0,19
11203,1,19
11203,2,18
11203,3,13
11203,4,13
11203,5,25
11203,6,16
11203,7,14
11203,8,16
11203,9,17
11203,10,21
11203,11,19
11203,12,16
11203,13,24
11203,14,32
11203,15,23
11203,16,30
11203,17,32
11203,18,25
11203,19,23
11203,20,42
11203,21,37
11203,22,26
11203,23,20
11204,0,1
11204,1,5
11204,2,1
11204,3,6
11204,4,3
11204,5,6
11204,6,10
11204,7,7
11204,8,8
11204,9,7
11204,10,12
11204,11,14
11204,12,10
11204,13,15
11204,14,12
11204,15,10
11204,16,9
11204,17,7
11204,18,7
11204,19,8
11204,20,21
11204,21,17
11204,22,6
11204,23,9
11205,0,164
11205,1,100
11205,2,65
11205,3,58
11205,4,88
11205,5,159
11205,6,289
11205,7,338
11205,8,320
11205,9,309
11205,10,292
11205,11,288
11205,12,295
11205,13,303
11205,14,299
11205,15,307
11205,16,349
11205,17,355
11205,18,370
11205,19,358
11205,20,376
11205,21,353
11205,22,285
11205,23,252
11206,0,241
11206,1,162
11206,2,133
11206,3,113
11206,4,130
11206,5,163
11206,6,211
11206,7,217
11206,8,226
11206,9,211
11206,10,198
11206,11,198
11206,12,210
11206,13,193
11206,14,221
11206,15,180
11206,16,205
11206,17,238
11206,18,260
11206,19,288
11206,20,270
11206,21,316
11206,22,325
11206,23,279
11207,0,15
11207,1,14
11207,2,9
11207,3,7
11207,4,9
11207,5,13
11207,6,10
11207,7,12
11207,8,10
11207,9,11
11207,10,12
11207,11,19
11207,12,21
11207,13,18
11207,14,25
11207,15,24
11207,16,27
11207,17,21
11207,18,24
11207,19,22
11207,20,20
11207,21,22
11207,22,20
11207,23,11
11208,0,8
11208,1,4
11208,2,10
11208,3,7
11208,4,4
11208,5,5
11208,6,9
11208,7,12
11208,8,15
11208,9,14
11208,10,9
11208,11,9
11208,12,12
11208,13,8
11208,14,14
11208,15,9
11208,16,12
11208,17,18
11208,18,9
11208,19,16
11208,20,14
11208,21,16
11208,22,11
11208,23,10
11209,0,21
11209,1,18
11209,2,9
11209,3,15
11209,4,11
11209,5,28
11209,6,48
11209,7,48
11209,8,68
11209,9,50
11209,10,49
11209,11,42
11209,12,48
11209,13,43
11209,14,54
11209,15,40
11209,16,62
11209,17,59
11209,18,77
11209,19,65
11209,20,52
11209,21,54
11209,22,45
11209,23,42
11210,0,28
11210,1,28
11210,2,12
11210,3,27
11210,4,28
11210,5,44
11210,6,50
11210,7,55
11210,8,51
11210,9,45
11210,10,58
11210,11,49
11210,12,44
11210,13,57
11210,14,62
11210,15,61
11210,16,59
11210,17,51
11210,18,62
11210,19,56
11210,20,80
11210,21,73
11210,22,49
11210,23,39
11211,0,1089
11211,1,812
11211,2,565
11211,3,472
11211,4,483
11211,5,660
11211,6,866
11211,7,1017
11211,8,991
11211,9,921
11211,10,820
11211,11,849
11211,12,816
11211,13,905
11211,14,922
11211,15,951
11211,16,1035
11211,17,1194
11211,18,1333
11211,19,1363
11211,20,1404
11211,21,1630
11211,22,1660
11211,23,1477
11212,0,8
11212,1,13
11212,2,6
11212,3,5
11212,4,12
11212,5,15
11212,6,17
11212,7,16
11212,8,17
11212,9,26
11212,10,16
11212,11,30
11212,12,20
11212,13,36
11212,14,21
11212,15,41
11212,16,29
11212,17,26
11212,18,38
11212,19,27
11212,20,26
11212,21,21
11212,22,23
11212,23,20
11213,0,58
11213,1,35
11213,2,19
11213,3,43
11213,4,51
11213,5,64
11213,6,104
11213,7,96
11213,8,80
11213,9,94
11213,10,88
11213,11,109
11213,12,96
11213,13,103
11213,14,84
11213,15,112
11213,16,84
11213,17,103
11213,18,112
11213,19,127
11213,20,107
11213,21,119
11213,22,96
11213,23,72
11214,0,5
11214,1,4
11214,2,9
11214,3,5
11214,4,4
11214,5,4
11214,6,11
11214,7,23
11214,8,15
11214,9,13
11214,10,11
11214,11,14
11214,12,5
11214,13,14
11214,14,22
11214,15,17
11214,16,22
11214,17,15
11214,18,12
11214,19,15
11214,20,13
11214,21,15
11214,22,10
11214,23,7
11215,0,162
11215,1,126
11215,2,70
11215,3,107
11215,4,164
11215,5,273
11215,6,411
11215,7,405
11215,8,426
11215,9,329
11215,10,343
11215,11,309
11215,12,297
11215,13,373
11215,14,381
11215,15,382
11215,16,396
11215,17,479
11215,18,512
11215,19,443
11215,20,445
11215,21,602
11215,22,419
11215,23,285
11216,0,137
11216,1,106
11216,2,79
11216,3,87
11216,4,65
11216,5,146
11216,6,182
11216,7,213
11216,8,201
11216,9,190
11216,10,161
11216,11,186
11216,12,163
11216,13,165
11216,14,135
11216,15,169
11216,16,170
11216,17,205
11216,18,219
11216,19,213
11216,20,238
11216,21,204
11216,22,216
11216,23,190
11217,0,323
11217,1,166
11217,2,87
11217,3,119
11217,4,179
11217,5,268
11217,6,434
11217,7,496
11217,8,484
11217,9,416
11217,10,417
11217,11,406
11217,12,378
11217,13,468
11217,14,530
11217,15,443
11217,16,581
11217,17,589
11217,18,683
11217,19,628
11217,20,777
11217,21,922
11217,22,881
11217,23,619
11218,0,33
11218,1,26
11218,2,18
11218,3,37
11218,4,45
11218,5,76
11218,6,112
11218,7,117
11218,8,96
11218,9,118
11218,10,102
11218,11,103
11218,12,75
11218,13,115
11218,14,102
11218,15,94
11218,16,99
11218,17,137
11218,18,134
11218,19,110
11218,20,109
11218,21,128
11218,22,92
11218,23,65
11219,0,8
11219,1,7
11219,2,6
11219,3,3
11219,4,1
11219,5,12
11219,6,9
11219,7,11
11219,8,12
11219,9,21
11219,10,17
11219,11,20
11219,12,22
11219,13,11
11219,14,27
11219,15,22
11219,16,25
11219,17,21
11219,18,21
11219,19,17
11219,20,19
11219,21,11
11219,22,17
11219,23,19
11220,0,37
11220,1,31
11220,2,23
11220,3,23
11220,4,22
11220,5,34
11220,6,51
11220,7,66
11220,8,66
11220,9,48
11220,10,60
11220,11,70
11220,12,64
11220,13,91
11220,14,86
11220,15,76
11220,16,97
11220,17,105
11220,18,85
11220,19,104
11220,20,120
11220,21,79
11220,22,66
11220,23,58
11221,0,84
11221,1,65
11221,2,46
11221,3,51
11221,4,62
11221,5,112
11221,6,127
11221,7,113
11221,8,132
11221,9,118
11221,10,115
11221,11,151
11221,12,91
11221,13,111
11221,14,93
11221,15,95
11221,16,100
11221,17,133
11221,18,152
11221,19,136
11221,20,147
11221,21,143
11221,22,142
11221,23,121
11222,0,536
11222,1,346
11222,2,273
11222,3,218
11222,4,236
11222,5,335
11222,6,572
11222,7,585
11222,8,571
11222,9,500
11222,10,443
11222,11,445
11222,12,456
11222,13,485
11222,14,461
11222,15,588
11222,16,645
11222,17,684
11222,18,747
11222,19,709
11222,20,706
11222,21,760
11222,22,784
11222,23,690
11223,0,33
11223,1,14
11223,2,8
11223,3,10
11223,4,11
11223,5,23
11223,6,34
11223,7,43
11223,8,58
11223,9,32
11223,10,36
11223,11,23
11223,12,40
11223,13,25
11223,14,30
11223,15,42
11223,16,36
11223,17,39
11223,18,31
11223,19,49
11223,20,45
11223,21,33
11223,22,33
11223,23,21
11224,0,3
11224,1,6
11224,2,1
11224,3,3
11224,4,4
11224,5,5
11224,6,3
11224,7,14
11224,8,9
11224,9,12
11224,10,12
11224,11,17
11224,12,16
11224,13,12
11224,14,25
11224,15,29
11224,16,35
11224,17,18
11224,18,13
11224,19,31
11224,20,41
11224,21,23
11224,22,11
11224,23,14
11225,0,45
11225,1,19
11225,2,22
11225,3,32
11225,4,48
11225,5,52
11225,6,83
11225,7,91
11225,8,63
11225,9,89
11225,10,100
11225,11,102
11225,12,94
11225,13,83
11225,14,80
11225,15,95
11225,16,114
11225,17,95
11225,18,99
11225,19,94
11225,20,101
11225,21,100
11225,22,115
11225,23,75
11226,0,54
11226,1,27
11226,2,23
11226,3,37
11226,4,46
11226,5,62
11226,6,68
11226,7,98
11226,8,86
11226,9,58
11226,10,72
11226,11,78
11226,12,68
11226,13,69
11226,14,93
11226,15,75
11226,16,85
11226,17,103
11226,18,98
11226,19,106
11226,20,81
11226,21,86
11226,22,94
11226,23,69
11228,0,7
11228,1,1
11228,2,3
11228,3,2
11228,4,8
11228,5,9
11228,6,20
11228,7,10
11228,8,12
11228,9,7
11228,10,9
11228,11,25
11228,12,16
11228,13,14
11228,14,13
11228,15,10
11228,16,16
11228,17,20
11228,18,17
11228,19,15
11228,20,13
11228,21,15
11228,22,8
11228,23,10
11229,0,11
11229,1,11
11229,2,6
11229,3,9
11229,4,12
11229,5,10
11229,6,13
11229,7,30
11229,8,24
11229,9,18
11229,10,12
11229,11,19
11229,12,30
11229,13,40
11229,14,41
11229,15,35
11229,16,32
11229,17,35
11229,18,21
11229,19,26
11229,20,22
11229,21,29
11229,22,23
11229,23,13
11230,0,10
11230,1,3
11230,2,9
11230,3,11
11230,4,15
11230,5,19
11230,6,32
11230,7,47
11230,8,60
11230,9,29
11230,10,40
11230,11,20
11230,12,44
11230,13,37
11230,14,42
11230,15,34
11230,16,36
11230,17,44
11230,18,33
11230,19,33
11230,20,51
11230,21,23
11230,22,42
11230,23,20
11231,0,235
11231,1,98
11231,2,76
11231,3,85
11231,4,123
11231,5,210
11231,6,266
11231,7,381
11231,8,381
11231,9,279
11231,10,275
11231,11,309
11231,12,338
11231,13,387
11231,14,423
11231,15,472
11231,16,500
11231,17,598
11231,18,570
11231,19,552
11231,20,652
11231,21,663
11231,22,603
11231,23,386
11233,0,53
11233,1,47
11233,2,31
11233,3,43
11233,4,54
11233,5,85
11233,6,70
11233,7,77
11233,8,70
11233,9,75
11233,10,85
11233,11,79
11233,12,70
11233,13,64
11233,14,63
11233,15,65
11233,16,58
11233,17,85
11233,18,94
11233,19,90
11233,20,77
11233,21,85
11233,22,80
11233,23,91
11234,0,2
11234,1,1
11234,2,2
11234,4,1
11234,5,3
11234,6,3
11234,7,2
11234,8,2
11234,9,7
11234,10,7
11234,11,8
11234,12,4
11234,13,7
11234,14,10
11234,15,14
11234,16,9
11234,17,6
11234,18,9
11234,19,6
11234,20,8
11234,21,12
11234,22,7
11234,23,7
11235,0,21
11235,1,12
11235,2,2
11235,3,4
11235,4,9
11235,5,10
11235,6,18
11235,7,18
11235,8,18
11235,9,12
11235,10,15
11235,11,21
11235,12,17
11235,13,29
11235,14,30
11235,15,34
11235,16,26
11235,17,36
11235,18,34
11235,19,28
11235,20,28
11235,21,19
11235,22,21
11235,23,25
11236,0,22
11236,1,16
11236,2,4
11236,3,6
11236,4,7
11236,5,9
11236,6,11
11236,7,16
11236,8,27
11236,9,26
11236,10,20
11236,11,27
11236,12,28
11236,13,32
11236,14,28
11236,15,29
11236,16,18
11236,17,29
11236,18,20
11236,19,15
11236,20,23
11236,21,18
11236,22,30
11236,23,15
11237,0,269
11237,1,203
11237,2,182
11237,3,157
11237,4,162
11237,5,204
11237,6,183
11237,7,177
11237,8,183
11237,9,200
11237,10,200
11237,11,182
11237,12,192
11237,13,192
11237,14,191
11237,15,187
11237,16,192
11237,17,247
11237,18,238
11237,19,273
11237,20,266
11237,21,315
11237,22,300
11237,23,328
11238,0,287
11238,1,172
11238,2,112
11238,3,103
11238,4,165
11238,5,239
11238,6,379
11238,7,445
11238,8,456
11238,9,325
11238,10,296
11238,11,314
11238,12,333
11238,13,387
11238,14,344
11238,15,335
11238,16,358
11238,17,451
11238,18,459
11238,19,451
11238,20,543
11238,21,556
11238,22,492
11238,23,452
11239,0,3
11239,1,2
11239,3,2
11239,4,1
11239,5,2
11239,6,4
11239,7,13
11239,8,12
11239,9,8
11239,10,6
11239,11,9
11239,12,6
11239,13,7
11239,14,5
11239,15,8
11239,16,8
11239,17,10
11239,18,5
11239,19,6
11239,20,10
11239,21,3
11239,22,4
11239,23,7
11351,0,4
11351,1,2
11351,2,4
11351,3,5
11351,4,3
11351,5,10
11351,6,3
11351,7,8
11351,8,11
11351,9,8
11351,10,10
11351,11,10
11351,12,7
11351,13,5
11351,14,6
11351,15,9
11351,16,5
11351,17,6
11351,18,7
11351,19,16
11351,20,6
11351,21,10
11351,22,7
11351,23,6
11354,0,7
11354,1,5
11354,2,5
11354,3,7
11354,4,11
11354,5,23
11354,6,13
11354,7,13
11354,8,5
11354,9,15
11354,10,16
11354,11,16
11354,12,19
11354,13,18
11354,14,10
11354,15,15
11354,16,17
11354,17,16
11354,18,18
11354,19,13
11354,20,22
11354,21,18
11354,22,15
11354,23,11
11355,0,8
11355,1,8
11355,2,6
11355,3,14
11355,4,13
11355,5,22
11355,6,40
11355,7,28
11355,8,27
11355,9,28
11355,10,29
11355,11,38
11355,12,38
11355,13,51
11355,14,33
11355,15,45
11355,16,43
11355,17,37
11355,18,39
11355,19,42
11355,20,36
11355,21,36
11355,22,36
11355,23,20
11356,0,4
11356,1,1
11356,2,4
11356,3,11
11356,4,7
11356,5,4
11356,6,5
11356,7,6
11356,8,10
11356,9,6
11356,10,9
11356,11,11
11356,12,2
11356,13,12
11356,14,8
11356,15,18
11356,16,8
11356,17,21
11356,18,5
11356,19,7
11356,20,7
11356,21,18
11356,22,4
11356,23,1
11357,0,4
11357,1,3
11357,2,1
11357,3,3
11357,4,3
11357,5,5
11357,6,7
11357,7,7
11357,8,1
11357,9,9
11357,10,8
11357,11,4
11357,12,5
11357,13,12
11357,14,9
11357,15,12
11357,16,12
11357,17,8
11357,18,8
11357,19,8
11357,20,6
11357,21,7
11357,22,5
11357,23,6
11358,0,3
11358,1,2
11358,2,6
11358,3,10
11358,4,5
11358,5,3
11358,6,6
11358,7,9
11358,8,2
11358,9,7
11358,10,8
11358,11,3
11358,12,8
11358,13,4
11358,14,5
11358,15,7
11358,16,10
11358,17,12
11358,18,8
11358,19,5
11358,20,8
11358,21,13
11358,22,5
11358,23,8
11359,3,1
11359,4,1
11359,6,1
11359,7,2
11359,11,3
11359,12,3
11359,13,2
11359,15,3
11359,16,3
11359,17,2
11359,18,2
11359,19,4
11359,21,4
11360,0,4
11360,3,1
11360,4,4
11360,5,5
11360,6,5
11360,7,9
11360,8,12
11360,9,1
11360,10,5
11360,11,3
11360,12,8
11360,13,5
11360,14,5
11360,15,5
11360,16,10
11360,17,8
11360,18,10
11360,19,13
11360,20,3
11360,21,6
11360,22,4
11360,23,3
11361,0,6
11361,1,13
11361,2,7
11361,3,6
11361,4,5
11361,5,5
11361,6,6
11361,7,8
11361,8,7
11361,9,2
11361,10,7
11361,11,5
11361,12,4
11361,13,9
11361,14,9
11361,15,8
11361,16,23
11361,17,19
11361,18,19
11361,19,7
11361,20,12
11361,21,8
11361,22,9
11361,23,13
11362,0,1
11362,2,1
11362,3,1
11362,4,4
11362,5,1
11362,6,2
11362,8,2
11362,9,3
11362,10,2
11362,11,3
11362,12,4
11362,13,2
11362,14,3
11362,15,3
11362,16,1
11362,17,1
11362,18,3
11362,20,2
11362,23,1
11363,1,2
11363,5,1
11363,7,5
11363,8,4
11363,9,3
11363,10,5
11363,11,3
11363,12,3
11363,13,3
11363,14,3
11363,15,5
11363,16,4
11363,17,8
11363,18,2
11363,19,4
11363,20,7
11363,21,3
11363,22,8
11363,23,1
11364,1,1
11364,4,1
11364,5,6
11364,6,2
11364,7,2
11364,8,3
11364,9,3
11364,10,7
11364,11,7
11364,12,4
11364,13,3
11364,14,7
11364,15,3
11364,16,7
11364,17,7
11364,18,3
11364,19,4
11364,20,7
11364,21,5
11364,22,2
11364,23,2
11365,0,5
11365,1,4
11365,3,1
11365,4,1
11365,5,3
11365,6,6
11365,7,6
11365,8,3
11365,9,6
11365,10,14
11365,11,10
11365,12,9
11365,13,8
11365,14,7
11365,15,11
11365,16,9
11365,17,6
11365,18,10
11365,19,6
11365,20,4
11365,21,8
11365,22,3
11365,23,9
11366,0,3
11366,1,5
11366,2,7
11366,3,3
11366,4,4
11366,5,6
11366,6,5
11366,7,10
11366,8,8
11366,9,5
11366,10,11
11366,11,10
11366,12,6
11366,13,15
11366,14,8
11366,15,5
11366,16,7
11366,17,10
11366,18,5
11366,19,6
11366,20,12
11366,21,6
11366,22,10
11366,23,3
11367,0,2
11367,1,2
11367,2,1
11367,3,6
11367,4,8
11367,5,10
11367,6,9
11367,7,11
11367,8,17
11367,9,9
11367,10,9
11367,11,20
11367,12,12
11367,13,18
11367,14,20
11367,15,17
11367,16,16
11367,17,24
11367,18,15
11367,19,13
11367,20,22
11367,21,10
11367,22,8
11367,23,3
11368,0,39
11368,1,9
11368,2,4
11368,3,7
11368,4,7
11368,5,7
11368,6,14
11368,7,19
11368,8,18
11368,9,22
11368,10,25
11368,11,40
11368,12,43
11368,13,54
11368,14,87
11368,15,126
11368,16,128
11368,17,132
11368,18,125
11368,19,90
11368,20,224
11368,21,254
11368,22,179
11368,23,92
11369,0,4
11369,1,12
11369,2,6
11369,3,9
11369,4,5
11369,5,12
11369,6,15
11369,7,17
11369,8,19
11369,9,12
11369,10,9
11369,11,8
11369,12,14
11369,13,8
11369,14,8
11369,15,10
11369,16,14
11369,17,4
11369,18,13
11369,19,12
11369,20,16
11369,21,14
11369,22,17
11369,23,8
11370,0,13
11370,1,6
11370,2,1
11370,3,2
11370,4,5
11370,5,24
11370,6,87
11370,7,134
11370,8,131
11370,9,107
11370,10,95
11370,11,74
11370,12,73
11370,13,81
11370,14,117
11370,15,168
11370,16,170
11370,17,209
11370,18,211
11370,19,257
11370,20,103
11370,21,91
11370,22,55
11370,23,19
11371,0,91
11371,1,13
11371,2,9
11371,3,16
11371,4,16
11371,5,67
11371,6,327
11371,7,545
11371,8,943
11371,9,1139
11371,10,1017
11371,11,957
11371,12,906
11371,13,1023
11371,14,1001
11371,15,1271
11371,16,1387
11371,17,1265
11371,18,1426
11371,19,1403
11371,20,1701
11371,21,1430
11371,22,1215
11371,23,442
11372,0,20
11372,1,12
11372,2,9
11372,3,18
11372,4,26
11372,5,18
11372,6,59
11372,7,45
11372,8,31
11372,9,25
11372,10,26
11372,11,31
11372,12,36
11372,13,24
11372,14,39
11372,15,27
11372,16,40
11372,17,50
11372,18,34
11372,19,22
11372,20,44
11372,21,33
11372,22,31
11372,23,34
11373,0,15
11373,1,17
11373,2,18
11373,3,22
11373,4,14
11373,5,14
11373,6,22
11373,7,46
11373,8,31
11373,9,36
11373,10,41
11373,11,35
11373,12,18
11373,13,42
11373,14,34
11373,15,40
11373,16,39
11373,17,34
11373,18,45
11373,19,48
11373,20,44
11373,21,39
11373,22,46
11373,23,38
11374,0,12
11374,1,8
11374,2,3
11374,3,11
11374,4,17
11374,5,23
11374,6,32
11374,7,28
11374,8,29
11374,9,32
11374,10,22
11374,11,17
11374,12,31
11374,13,23
11374,14,29
11374,15,33
11374,16,32
11374,17,43
11374,18,26
11374,19,42
11374,20,32
11374,21,27
11374,22,23
11374,23,24
11375,0,27
11375,1,18
11375,2,5
11375,3,18
11375,4,30
11375,5,42
11375,6,59
11375,7,56
11375,8,45
11375,9,68
11375,10,58
11375,11,52
11375,12,39
11375,13,47
11375,14,67
11375,15,55
11375,16,59
11375,17,50
11375,18,40
11375,19,55
11375,20,59
11375,21,94
11375,22,41
11375,23,38
11377,0,23
11377,1,21
11377,2,15
11377,3,17
11377,4,16
11377,5,30
11377,6,39
11377,7,35
11377,8,49
11377,9,44
11377,10,36
11377,11,40
11377,12,60
11377,13,47
11377,14,54
11377,15,54
11377,16,58
11377,17,57
11377,18,58
11377,19,50
11377,20,63
11377,21,69
11377,22,46
11377,23,40
11378,0,16
11378,1,11
11378,2,5
11378,3,1
11378,4,11
11378,5,16
11378,6,34
11378,7,30
11378,8,21
11378,9,19
11378,10,16
11378,11,15
11378,12,17
11378,13,28
11378,14,19
11378,15,21
11378,16,24
11378,17,37
11378,18,20
11378,19,25
11378,20,27
11378,21,29
11378,22,25
11378,23,28
11379,0,7
11379,1,10
11379,2,2
11379,3,6
11379,4,9
11379,5,22
11379,6,23
11379,7,28
11379,8,29
11379,9,22
11379,10,28
11379,11,17
11379,12,15
11379,13,20
11379,14,17
11379,15,18
11379,16,25
11379,17,24
11379,18,27
11379,19,33
11379,20,22
11379,21,22
11379,22,15
11379,23,12
11385,0,11
11385,1,11
11385,2,4
11385,3,13
11385,4,8
11385,5,20
11385,6,24
11385,7,21
11385,8,20
11385,9,18
11385,10,17
11385,11,17
11385,12,24
11385,13,18
11385,14,11
11385,15,16
11385,16,17
11385,17,14
11385,18,25
11385,19,22
11385,20,26
11385,21,24
11385,22,16
11385,23,19
11411,0,4
11411,1,1
11411,2,1
11411,3,5
11411,4,3
11411,5,5
11411,6,8
11411,8,1
11411,9,5
11411,10,3
11411,11,8
11411,12,7
11411,13,3
11411,14,3
11411,15,1
11411,16,3
11411,17,3
11411,18,4
11411,19,5
11411,20,2
11411,21,4
11411,22,5
11411,23,4
11412,0,2
11412,1,3
11412,2,1
11412,3,6
11412,4,8
11412,5,5
11412,6,3
11412,7,5
11412,8,3
11412,9,5
11412,10,1
11412,11,1
11412,12,6
11412,13,3
11412,14,8
11412,15,6
11412,16,6
11412,17,5
11412,18,6
11412,19,5
11412,20,6
11412,21,6
11412,22,4
11412,23,2
11413,0,3
11413,1,1
11413,2,5
11413,3,2
11413,4,2
11413,5,2
11413,6,2
11413,7,5
11413,8,4
11413,9,6
11413,10,12
11413,11,4
11413,12,5
11413,13,16
11413,14,9
11413,15,5
11413,16,4
11413,17,8
11413,18,4
11413,19,9
11413,20,6
11413,21,3
11413,22,4
11413,23,2
11414,0,7
11414,1,1
11414,2,4
11414,3,3
11414,4,7
11414,5,3
11414,6,4
11414,8,1
11414,9,4
11414,10,1
11414,11,4
11414,12,6
11414,13,4
11414,14,5
11414,15,3
11414,16,5
11414,17,5
11414,18,7
11414,19,4
11414,20,11
11414,21,8
11414,22,14
11414,23,7
11415,0,7
11415,1,8
11415,2,6
11415,3,16
11415,4,13
11415,5,21
11415,6,30
11415,7,24
11415,8,30
11415,9,23
11415,10,21
11415,11,27
11415,12,26
11415,13,20
11415,14,24
11415,15,33
11415,16,25
11415,17,25
11415,18,35
11415,19,17
11415,20,28
11415,21,29
11415,22,28
11415,23,19
11416,0,6
11416,1,9
11416,2,3
11416,3,2
11416,4,3
11416,5,9
11416,6,7
11416,7,9
11416,8,10
11416,9,14
11416,10,9
11416,11,13
11416,12,9
11416,13,9
11416,14,11
11416,15,9
11416,16,5
11416,17,12
11416,18,10
11416,19,15
11416,20,6
11416,21,11
11416,22,12
11416,23,5
11417,0,6
11417,1,5
11417,2,4
11417,3,3
11417,4,4
11417,5,4
11417,6,4
11417,7,4
11417,8,9
11417,9,5
11417,10,9
11417,11,6
11417,13,7
11417,14,8
11417,15,9
11417,16,12
11417,17,10
11417,18,12
11417,19,7
11417,20,9
11417,21,7
11417,22,7
11417,23,7
11418,0,1
11418,1,3
11418,2,2
11418,3,3
11418,4,3
11418,5,3
11418,6,9
11418,7,4
11418,8,4
11418,9,3
11418,10,1
11418,11,5
11418,12,7
11418,13,5
11418,14,5
11418,15,5
11418,16,5
11418,17,3
11418,18,5
11418,19,6
11418,20,5
11418,21,3
11418,22,2
11418,23,4
11419,0,4
11419,1,2
11419,2,2
11419,3,1
11419,4,5
11419,5,4
11419,6,4
11419,7,3
11419,8,6
11419,9,4
11419,10,4
11419,11,6
11419,12,5
11419,13,8
11419,14,5
11419,15,5
11419,16,4
11419,17,5
11419,18,9
11419,19,7
11419,20,6
11419,21,13
11419,22,5
11419,23,3
11420,0,6
11420,1,2
11420,2,2
11420,3,4
11420,4,4
11420,5,4
11420,6,2
11420,7,1
11420,8,5
11420,9,8
11420,10,4
11420,11,4
11420,12,3
11420,13,10
11420,14,7
11420,15,11
11420,16,8
11420,17,6
11420,18,9
11420,19,3
11420,20,8
11420,21,4
11420,22,6
11420,23,6
11421,0,6
11421,1,3
11421,2,8
11421,4,3
11421,5,5
11421,6,10
11421,7,12
11421,8,10
11421,9,15
11421,10,6
11421,11,8
11421,12,7
11421,13,9
11421,14,7
11421,15,6
11421,16,6
11421,17,14
11421,18,5
11421,19,17
11421,20,8
11421,21,9
11421,22,11
11421,23,6
11422,0,484
11422,1,105
11422,2,29
11422,3,61
11422,4,594
11422,5,970
11422,6,1030
11422,7,597
11422,8,257
11422,9,331
11422,10,442
11422,11,427
11422,12,707
11422,13,964
11422,14,2031
11422,15,1556
11422,16,1490
11422,17,1201
11422,18,1493
11422,19,1659
11422,20,1721
11422,21,1608
11422,22,1645
11422,23,1363
11423,0,3
11423,1,3
11423,2,1
11423,3,6
11423,4,3
11423,5,10
11423,6,5
11423,7,9
11423,8,5
11423,9,4
11423,10,3
11423,11,4
11423,12,6
11423,13,5
11423,14,2
11423,15,6
11423,16,7
11423,17,8
11423,18,3
11423,19,5
11423,20,6
11423,21,4
11423,22,5
11423,23,1
11426,0,1
11426,1,1
11426,3,3
11426,4,2
11426,5,3
11426,6,3
11426,7,2
11426,8,3
11426,9,1
11426,10,2
11426,11,3
11426,12,1
11426,13,8
11426,14,2
11426,15,3
11426,16,3
11426,17,1
11426,18,4
11426,19,3
11426,20,4
11426,21,2
11426,22,4
11427,0,1
11427,1,1
11427,2,1
11427,3,2
11427,4,3
11427,5,2
11427,6,3
11427,7,4
11427,8,5
11427,9,1
11427,10,2
11427,11,2
11427,12,3
11427,13,4
11427,14,3
11427,15,5
11427,16,5
11427,17,4
11427,18,4
11427,19,5
11427,20,6
11427,21,3
11427,22,3
11427,23,2
11428,0,3
11428,1,3
11428,4,4
11428,5,2
11428,6,1
11428,7,2
11428,8,3
11428,9,1
11428,10,5
11428,11,4
11428,12,3
11428,13,4
11428,14,4
11428,15,6
11428,16,6
11428,17,3
11428,18,4
11428,19,5
11428,20,1
11428,21,4
11428,22,7
11428,23,1
11429,0,3
11429,1,2
11429,2,1
11429,5,4
11429,6,3
11429,7,1
11429,8,3
11429,9,2
11429,10,3
11429,11,2
11429,12,1
11429,13,6
11429,14,3
11429,15,1
11429,16,7
11429,17,6
11429,18,9
11429,19,5
11429,20,5
11429,21,1
11429,22,2
11429,23,5
11430,0,8
11430,2,1
11430,3,3
11430,4,3
11430,5,10
11430,6,13
11430,7,6
11430,8,5
11430,9,9
11430,10,4
11430,11,5
11430,12,5
11430,13,5
11430,14,7
11430,15,7
11430,16,7
11430,17,13
11430,18,20
11430,19,15
11430,20,7
11430,21,8
11430,22,8
11430,23,3
11432,0,15
11432,1,14
11432,2,4
11432,3,9
11432,4,5
11432,5,12
11432,6,17
11432,7,21
11432,8,6
11432,9,15
11432,10,21
11432,11,17
11432,12,28
11432,13,29
11432,14,29
11432,15,24
11432,16,21
11432,17,18
11432,18,24
11432,19,27
11432,20,24
11432,21,31
11432,22,20
11432,23,22
11433,0,2
11433,2,2
11433,3,2
11433,5,3
11433,6,9
11433,7,9
11433,8,17
11433,9,10
11433,10,7
11433,11,2
11433,12,4
11433,13,9
11433,14,6
11433,15,5
11433,16,5
11433,17,5
11433,18,13
11433,19,6
11433,20,7
11433,21,6
11433,22,11
11433,23,7
11434,0,4
11434,1,5
11434,2,4
11434,3,3
11434,4,4
11434,5,9
11434,6,5
11434,7,11
11434,8,15
11434,9,10
11434,10,19
11434,11,9
11434,12,8
11434,13,12
11434,14,11
11434,15,9
11434,16,11
11434,17,9
11434,18,9
11434,19,8
11434,20,6
11434,21,19
11434,22,12
11434,23,4
11435,0,13
11435,1,13
11435,2,6
11435,3,5
11435,4,8
11435,5,10
11435,6,15
11435,7,22
11435,8,14
11435,9,21
11435,10,18
11435,11,23
11435,12,20
11435,13,26
11435,14,20
11435,15,20
11435,16,24
11435,17,41
11435,18,27
11435,19,19
11435,20,16
11435,21,21
11435,22,10
11435,23,6
11436,0,6
11436,1,6
11436,2,6
11436,3,7
11436,4,21
11436,5,17
11436,6,32
11436,7,33
11436,8,23
11436,9,40
11436,10,39
11436,11,26
11436,12,28
11436,13,24
11436,14,41
11436,15,39
11436,16,29
11436,17,27
11436,18,32
11436,19,36
11436,20,21
11436,21,25
11436,22,13
11436,23,13
11501,0,8
11501,1,2
11501,3,1
11501,4,2
11501,6,3
11501,7,1
11501,8,7
11501,9,4
11501,10,4
11501,12,2
11501,13,1
11501,14,4
11501,15,8
11501,16,6
11501,17,7
11501,18,3
11501,19,5
11501,20,2
11501,21,7
11501,22,7
11501,23,6
11507,0,2
11507,2,1
11507,4,3
11507,5,2
11507,6,1
11507,8,1
11507,9,2
11507,10,1
11507,11,3
11507,13,2
11507,14,1
11507,15,2
11507,16,4
11507,17,2
11507,18,1
11507,20,1
11507,21,1
11507,22,1
11507,23,1
11509,0,2
11509,1,1
11509,4,1
11509,5,2
11509,6,2
11509,7,2
11509,8,5
11509,9,1
11509,10,1
11509,11,3
11509,12,1
11509,13,1
11509,14,3
11509,15,3
11509,16,2
11509,17,8
11509,18,8
11509,19,1
11509,20,4
11509,21,8
11509,22,3
11509,23,1
11510,3,2
11510,5,1
11510,8,1
11510,9,1
11510,10,1
11510,11,1
11510,12,2
11510,14,3
11510,15,2
11510,16,1
11510,17,3
11510,18,4
11510,19,1
11510,21,1
11510,22,2
11510,23,1
11514,0,3
11514,1,1
11514,2,1
11514,4,4
11514,5,2
11514,6,4
11514,7,6
11514,8,8
11514,9,2
11514,10,9
11514,11,10
11514,12,10
11514,13,12
11514,14,17
11514,15,15
11514,16,10
11514,17,11
11514,18,12
11514,19,9
11514,20,9
11514,21,5
11514,22,5
11514,23,2
11516,4,6
11516,6,4
11516,7,5
11516,8,3
11516,9,1
11516,10,5
11516,11,4
11516,12,5
11516,13,4
11516,14,2
11516,15,4
11516,16,7
11516,17,5
11516,18,2
11516,19,6
11516,20,3
11516,21,4
11516,22,1
11516,23,2
11518,11,1
11518,12,1
11518,14,2
11518,17,1
11518,23,1
11520,0,1
11520,6,2
11520,8,1
11520,9,5
11520,10,1
11520,11,2
11520,12,2
11520,13,3
11520,14,2
11520,15,4
11520,16,2
11520,17,2
11520,18,3
11520,19,3
11520,20,5
11520,21,2
11520,22,3
11520,23,2
11530,0,7
11530,1,4
11530,2,2
11530,3,2
11530,4,3
11530,5,4
11530,6,4
11530,7,3
11530,8,2
11530,9,6
11530,10,7
11530,11,7
11530,12,5
11530,13,7
11530,14,7
11530,15,10
11530,16,10
11530,17,12
11530,18,8
11530,19,7
11530,20,5
11530,21,17
11530,22,5
11530,23,8
11542,8,1
11542,10,1
11542,13,2
11542,14,2
11542,15,1
11542,16,1
11542,23,1
11545,0,1
11545,1,1
11545,2,1
11545,4,1
11545,5,1
11545,8,3
11545,12,2
11545,13,2
11545,14,2
11545,17,1
11545,18,1
11545,19,2
11545,21,2
11545,22,2
11545,23,2
11548,0,2
11548,1,1
11548,6,2
11548,7,2
11548,8,1
11548,9,1
11548,10,3
11548,11,2
11548,12,2
11548,13,2
11548,14,4
11548,15,3
11548,16,3
11548,17,8
11548,18,2
11548,19,6
11548,21,4
11548,22,6
11548,23,2
11550,0,1
11550,2,1
11550,4,1
11550,5,1
11550,10,1
11550,11,1
11550,12,2
11550,13,3
11550,14,2
11550,16,1
11550,17,1
11550,19,3
11550,20,1
11550,21,1
11550,23,1
11552,5,1
11552,6,1
11552,7,1
11552,8,1
11552,10,1
11552,14,2
11552,15,2
11552,16,2
11552,17,1
11552,18,3
11552,20,2
11552,21,1
11552,22,1
11553,4,2
11553,6,1
11553,7,2
11553,8,1
11553,9,2
11553,10,1
11553,11,1
11553,12,1
11553,13,2
11553,16,1
11553,18,2
11553,20,2
11553,21,2
11554,0,1
11554,1,1
11554,2,2
11554,5,1
11554,6,1
11554,7,1
11554,8,1
11554,9,1
11554,11,1
11554,12,3
11554,13,2
11554,14,2
11554,16,1
11554,17,2
11554,19,1
11554,20,2
11554,21,5
11554,23,3
11556,0,4
11556,1,1
11556,2,3
11556,3,1
11556,4,1
11556,5,2
11556,6,3
11556,7,4
11556,8,5
11556,9,6
11556,10,7
11556,11,9
11556,12,6
11556,13,2
11556,14,14
11556,15,12
11556,16,10
11556,17,7
11556,18,4
11556,19,2
11556,20,2
11556,21,10
11556,22,7
11556,23,7
11557,0,2
11557,4,1
11557,6,1
11557,8,1
11557,9,1
11557,11,2
11557,13,3
11557,14,1
11557,15,1
11557,16,1
11557,17,3
11557,18,1
11557,19,1
11557,20,4
11557,21,1
11557,22,1
11557,23,1
11558,11,1
11558,15,2
11558,20,2
11559,0,3
11559,1,3
11559,2,3
11559,3,1
11559,5,1
11559,6,1
11559,7,1
11559,8,1
11559,10,3
11559,11,1
11559,12,2
11559,13,2
11559,14,2
11559,15,5
11559,16,1
11559,17,2
11559,18,5
11559,19,3
11559,20,4
11559,21,2
11559,22,1
11559,23,3
11560,0,1
11560,2,1
11560,8,2
11560,9,1
11560,11,1
11560,13,2
11560,14,1
11560,16,1
11560,18,4
11560,19,1
11560,21,1
11560,22,1
11561,0,1
11561,1,2
11561,2,2
11561,3,1
11561,6,1
11561,7,1
11561,8,1
11561,9,2
11561,10,1
11561,11,2
11561,12,1
11561,13,3
11561,14,3
11561,15,1
11561,16,4
11561,17,5
11561,18,5
11561,20,1
11561,21,4
11561,22,5
11561,23,3
11563,0,4
11563,1,1
11563,2,1
11563,5,2
11563,6,3
11563,7,4
11563,9,2
11563,10,1
11563,11,5
11563,12,2
11563,13,1
11563,14,2
11563,15,3
11563,16,5
11563,17,3
11563,18,1
11563,20,1
11563,21,3
11563,23,2
11565,1,1
11565,6,1
11565,10,1
11565,13,2
11565,14,2
11565,15,1
11565,16,1
11565,17,2
11565,21,2
11565,22,2
11565,23,1
11566,0,1
11566,1,1
11566,5,1
11566,7,2
11566,8,1
11566,13,2
11566,14,2
11566,15,1
11566,16,3
11566,18,1
11566,20,2
11566,21,1
11566,22,1
11566,23,1
11568,0,3
11568,1,3
11568,5,1
11568,8,2
11568,9,1
11568,10,1
11568,11,2
11568,12,1
11568,13,4
11568,14,1
11568,15,3
11568,16,3
11568,17,2
11568,18,3
11568,19,4
11568,20,6
11568,21,5
11568,22,3
11568,23,3
11570,0,6
11570,1,5
11570,2,3
11570,3,1
11570,4,1
11570,5,3
11570,6,3
11570,7,2
11570,8,1
11570,9,1
11570,10,4
11570,11,1
11570,12,1
11570,13,2
11570,14,2
11570,15,5
11570,16,6
11570,17,10
11570,18,4
11570,19,6
11570,20,3
11570,21,3
11570,22,4
11570,23,4
11572,10,1
11572,13,2
11572,14,2
11572,19,1
11572,20,1
11572,21,1
11572,23,1
11575,0,1
11575,1,2
11575,5,1
11575,6,2
11575,9,1
11575,13,1
11575,14,2
11575,15,2
11575,17,1
11575,18,2
11575,19,1
11575,20,1
11575,21,1
11575,22,1
11576,0,2
11576,1,1
11576,5,1
11576,6,3
11576,7,1
11576,8,2
11576,9,9
11576,10,2
11576,11,2
11576,12,2
11576,13,4
11576,14,6
11576,15,8
11576,16,7
11576,17,5
11576,18,5
11576,19,5
11576,20,8
11576,21,9
11576,22,5
11576,23,7
11577,0,2
11577,1,1
11577,4,1
11577,8,1
11577,11,5
11577,12,1
11577,13,3
11577,14,1
11577,15,3
11577,16,3
11577,17,2
11577,18,3
11577,19,2
11577,20,2
11577,21,3
11577,22,5
11577,23,2
11579,1,1
11579,10,1
11579,11,1
11579,14,1
11579,15,1
11579,16,1
11579,17,1
11579,19,2
11579,20,1
11579,23,1
11580,1,2
11580,3,1
11580,4,1
11580,7,3
11580,9,2
11580,10,3
11580,11,3
11580,12,1
11580,13,2
11580,14,1
11580,15,1
11580,16,3
11580,17,4
11580,18,2
11580,19,2
11580,20,4
11580,21,3
11580,22,2
11580,23,2
11581,0,1
11581,1,2
11581,2,3
11581,3,1
11581,4,3
11581,5,1
11581,6,4
11581,7,1
11581,8,2
11581,9,2
11581,10,2
11581,11,3
11581,13,6
11581,14,5
11581,15,7
11581,16,4
11581,17,9
11581,18,4
11581,19,10
11581,20,2
11581,21,3
11581,22,2
11581,23,2
11590,0,5
11590,3,1
11590,4,1
11590,6,1
11590,7,3
11590,8,1
11590,9,5
11590,10,1
11590,11,1
11590,12,3
11590,13,3
11590,14,5
11590,15,8
11590,16,4
11590,17,2
11590,18,5
11590,19,1
11590,20,6
11590,21,1
11590,22,2
11596,0,1
11596,1,2
11596,2,1
11596,8,3
11596,9,1
11596,10,1
11596,12,1
11596,13,2
11596,14,1
11596,15,3
11596,16,3
11596,17,2
11596,18,4
11596,19,2
11596,20,2
11596,21,5
11596,22,1
11596,23,1
11598,0,1
11598,3,3
11598,4,1
11598,6,3
11598,8,1
11598,9,2
11598,11,3
11598,13,3
11598,15,1
11598,16,1
11598,17,2
11598,20,3
11598,22,1
11691,1,1
11691,4,3
11691,5,1
11691,6,5
11691,8,2
11691,9,1
11691,10,4
11691,11,1
11691,12,6
11691,13,2
11691,15,3
11691,16,1
11691,17,2
11691,18,4
11691,19,1
11691,20,1
11691,21,2
11692,0,1
11692,1,2
11692,3,1
11692,4,2
11692,5,1
11692,6,1
11692,9,1
11692,10,1
11692,11,4
11692,12,4
11692,13,6
11692,14,5
11692,15,5
11692,16,6
11692,17,7
11692,18,2
11692,19,5
11692,20,4
11692,21,2
11692,23,1
11693,1,1
11693,16,1
11693,18,1
11693,23,1
11694,0,1
11694,6,1
11694,8,1
11694,9,1
11694,10,1
11694,11,1
11694,13,2
11694,14,3
11694,15,2
11694,16,2
11694,17,1
11694,18,2
11694,19,3
11694,21,1
11694,23,2
11697,11,1
11697,13,1
11697,14,2
11697,15,4
11697,16,2
11697,17,3
11697,18,1
11697,19,2
11697,20,2
11697,22,2
11701,3,1
11701,13,1
11701,14,1
11701,19,1
11702,0,3
11702,1,1
11702,2,1
11702,10,2
11702,11,1
11702,13,2
11702,16,2
11702,17,2
11702,18,1
11702,19,1
11702,21,1
11702,22,1
11702,23,1
11703,7,1
11703,12,1
11703,17,1
11703,21,1
11704,1,1
11704,12,1
11704,13,1
11704,19,1
11704,20,2
11704,21,1
11704,22,2
11705,23,1
11706,1,1
11706,10,3
11706,11,1
11706,12,1
11706,13,1
11706,14,1
11706,15,1
11706,17,1
11706,18,1
11706,19,1
11706,21,2
11706,22,3
11709,17,1
11709,20,1
11710,0,1
11710,2,1
11710,6,2
11710,7,1
11710,11,1
11710,12,2
11710,14,1
11710,15,3
11710,17,2
11710,18,1
11710,19,2
11710,21,1
11710,22,3
11713,1,1
11713,10,1
11713,16,1
11713,17,1
11713,18,1
11713,22,1
11714,0,2
11714,2,1
11714,4,1
11714,7,3
11714,10,5
11714,11,5
11714,12,4
11714,13,3
11714,14,3
11714,15,4
11714,16,4
11714,17,1
11714,18,4
11714,19,3
11714,21,3
11714,22,1
11714,23,1
11715,0,2
11715,7,1
11715,11,1
11715,16,2
11715,21,1
11715,22,3
11716,5,1
11716,8,1
11716,10,2
11716,12,2
11716,13,3
11716,14,5
11716,15,3
11716,17,1
11716,18,1
11716,19,3
11716,21,1
11717,1,1
11717,6,1
11717,7,1
11717,11,2
11717,12,2
11717,13,2
11717,14,1
11717,15,3
11717,17,1
11717,20,1
11717,21,1
11718,0,1
11718,8,1
11718,10,1
11718,12,1
11718,14,1
11718,16,1
11718,18,1
11718,22,2
11719,14,1
11720,13,1
11720,16,1
11720,19,1
11721,0,1
11721,11,1
11721,14,1
11721,16,2
11721,17,1
11721,18,1
11721,21,2
11722,2,1
11722,7,1
11722,8,1
11722,15,1
11722,18,1
11724,0,1
11724,8,1
11724,9,2
11724,10,2
11724,15,1
11724,16,1
11724,17,2
11724,18,1
11724,19,1
11724,20,1
11724,21,1
11724,22,2
11725,4,1
11725,11,1
11725,12,1
11725,13,3
11725,14,1
11725,19,2
11725,22,1
11725,23,1
11726,8,1
11726,12,1
11726,14,1
11726,17,1
11726,18,1
11726,19,1
11726,20,1
11727,4,1
11729,2,1
11729,3,1
11729,10,1
11729,12,1
11729,13,2
11729,14,2
11729,15,1
11729,17,1
11729,19,1
11729,20,1
11729,22,2
11730,13,1
11731,12,1
11731,15,1
11731,17,1
11731,23,1
11732,0,1
11732,10,1
11732,11,1
11732,17,1
11732,18,1
11732,19,2
11732,20,3
11732,21,1
11733,17,1
11733,21,1
11735,0,5
11735,3,1
11735,6,1
11735,7,2
11735,8,3
11735,9,2
11735,10,1
11735,11,2
11735,12,3
11735,13,3
11735,14,2
11735,18,4
11735,19,3
11735,21,1
11735,23,2
11738,19,1
11740,9,1
11740,15,1
11740,22,1
11740,23,1
11741,10,1
11741,12,1
11741,13,2
11741,14,1
11741,17,2
11741,18,1
11741,19,2
11741,20,2
11741,21,1
11741,22,3
11742,5,1
11742,9,2
11742,15,1
11742,19,1
11742,20,1
11743,0,4
11743,1,5
11743,2,3
11743,5,1
11743,7,1
11743,8,1
11743,11,3
11743,12,2
11743,13,2
11743,14,2
11743,16,2
11743,17,7
11743,18,3
11743,19,1
11743,20,4
11743,21,4
11743,22,4
11743,23,4
11746,1,1
11746,2,1
11746,5,1
11746,10,2
11746,13,2
11746,15,2
11746,17,2
11746,19,2
11746,22,1
11746,23,1
11747,6,4
11747,7,1
11747,8,3
11747,9,3
11747,10,2
11747,11,3
11747,12,4
11747,13,11
11747,14,1
11747,15,7
11747,16,6
11747,18,2
11747,19,2
11747,20,3
11747,21,2
11747,22,3
11747,23,3
11749,5,2
11749,8,1
11749,9,2
11749,13,1
11749,14,1
11749,15,1
11749,16,3
11749,17,2
11749,19,1
11749,21,1
11751,9,1
11751,16,1
11751,17,1
11751,21,1
11751,22,1
11751,23,2
11752,1,1
11752,11,1
11752,12,1
11752,13,2
11752,16,1
11752,23,1
11753,0,2
11753,2,1
11753,3,1
11753,4,5
11753,5,3
11753,6,2
11753,7,3
11753,8,3
11753,9,4
11753,10,3
11753,11,4
11753,12,6
11753,13,5
11753,14,8
11753,15,9
11753,16,9
11753,17,6
11753,18,9
11753,19,5
11753,20,6
11753,21,5
11753,22,1
11753,23,1
11755,11,1
11755,12,1
11755,21,1
11756,1,1
11756,3,1
11756,7,1
11756,9,1
11756,10,1
11756,11,1
11756,12,1
11756,14,1
11756,17,3
11756,18,3
11756,19,1
11756,23,1
11757,7,1
11757,14,1
11757,19,3
11758,7,1
11758,8,1
11758,17,1
11758,18,1
11758,20,3
11758,23,2
11762,0,1
11762,6,1
11762,7,1
11762,8,1
11762,11,1
11762,13,2
11762,14,1
11762,16,1
11762,17,1
11762,18,2
11762,20,1
11763,15,1
11763,17,2
11764,21,1
11765,15,2
11765,18,1
11767,13,1
11767,17,1
11767,19,1
11768,8,1
11768,13,1
11768,15,1
11768,17,1
11769,20,1
11769,22,1
11771,1,1
11771,9,1
11771,10,1
11771,12,3
11771,18,1
11771,19,1
11776,11,1
11777,11,1
11777,14,1
11777,20,1
11779,8,1
11779,10,1
11779,11,1
11779,12,3
11779,13,1
11779,15,2
11779,17,2
11779,18,1
11780,19,1
11783,0,1
11783,12,1
11783,13,2
11783,15,1
11783,17,1
11783,18,3
11783,20,3
11783,22,1
11786,18,1
11786,19,1
11787,2,1
11787,19,2
11787,20,1
11788,9,1
11788,11,2
11788,13,2
11788,15,2
11788,17,2
11788,19,1
11788,20,1
11788,21,2
11790,10,1
11790,11,1
11790,14,2
11790,15,1
11790,16,1
11791,0,1
11791,4,1
11791,5,2
11791,6,2
11791,7,2
11791,8,1
11791,9,2
11791,10,5
11791,11,3
11791,12,2
11791,13,3
11791,14,1
11791,15,1
11791,16,2
11791,17,1
11791,18,3
11791,19,5
11791,21,7
11791,22,1
11791,23,2
11792,16,1
11792,22,1
11793,2,1
11793,10,1
11793,14,3
11793,15,1
11793,16,1
11793,20,1
11793,21,7
11793,22,3
11795,18,2
11796,7,1
11796,10,2
11796,12,2
11796,16,1
11796,17,1
11796,22,1
11797,0,1
11797,2,2
11797,6,1
11797,7,1
11797,9,5
11797,10,1
11797,11,4
11797,12,5
11797,13,4
11797,14,3
11797,15,2
11797,16,4
11797,17,3
11797,18,4
11797,19,1
11797,20,3
11797,21,7
11797,22,2
11797,23,5
11798,2,2
11798,7,1
11798,8,1
11798,10,1
11798,12,2
11798,13,2
11798,16,1
11798,17,1
11798,21,1
11801,0,1
11801,4,2
11801,7,5
11801,8,3
11801,9,3
11801,10,5
11801,11,6
11801,12,7
11801,13,3
11801,14,3
11801,15,1
11801,16,9
11801,17,8
11801,18,10
11801,19,7
11801,20,5
11801,21,3
11801,22,2
11801,23,1
11803,1,1
11803,2,2
11803,5,2
11803,6,2
11803,7,4
11803,8,3
11803,9,4
11803,10,5
11803,11,5
11803,13,7
11803,14,3
11803,15,4
11803,16,2
11803,17,8
11803,18,6
11803,19,4
11803,20,1
11803,21,1
11803,23,1
11804,5,1
11804,7,1
11804,8,1
11804,9,1
11804,10,1
11804,11,1
11804,12,2
11804,15,4
11804,16,3
11804,17,4
11804,18,2
11804,19,1
11804,20,2
11804,21,2
11804,23,3
11933,12,1
11933,15,1
11933,16,1
11933,23,1
11940,9,1
11940,10,1
11940,13,1
11940,14,1
11940,18,1
11949,15,1
11949,17,1
11950,13,1
11950,15,2
11950,18,1
11951,11,1
11953,11,1
11967,11,1
11967,17,1
11976,7,1
11976,12,1
